"APPRAISAL_YR","ACCOUNT_NUM","LATE_APP_IND","LATE_DOC_IND"
"2019","99000000004740000","N","N"
"2019","99000000008955000","N","N"
"2019","99000000010500000","N","N"
"2019","99000000018475000","N","N"
"2019","99000000020210000","N","N"
"2019","99000000027105000","N","N"
"2019","99000000027525000","N","N"
"2019","99000000031405000","N","N"
"2019","99000000031715000","N","N"
"2019","99000000036825000","N","N"
"2019","99000000043660000","N","N"
"2019","99000000044050000","N","N"
"2019","99000000045830000","N","N"
"2019","99000000050030000","N","N"
"2019","99000000050985000","N","N"
"2019","99000000061545000","N","N"
"2019","99000000063100000","N","N"
"2019","99000000063660000","N","N"
"2019","99000000064110000","N","N"
"2019","99000000065095000","N","N"
"2019","99000000070335000","N","N"
"2019","99000000070685000","N","N"
"2019","99000000075370000","N","N"
"2019","99000000075485000","N","N"
"2019","99000000080915000","N","N"
"2019","99000000081245000","N","N"
"2019","99000000081545000","N","N"
"2019","99000000081790000","N","N"
"2019","99000000087495000","N","N"
"2019","99000000090925000","N","N"
"2019","99000000095535000","N","N"
"2019","99000000101980000","N","N"
"2019","99000000105350000","N","N"
"2019","99000000106395000","N","N"
"2019","99000000107950000","N","N"
"2019","99000000112215000","N","N"
"2019","99000000116515000","N","N"
"2019","99000000119395000","N","N"
"2019","99000000120265000","N","N"
"2019","99000000126130000","N","N"
"2019","99000000127395000","N","N"
"2019","99000000134805000","Y","N"
"2019","99000000143380000","N","N"
"2019","99000000147980000","N","N"
"2019","99000000149145000","N","N"
"2019","99000000149820000","N","N"
"2019","99000000158145000","N","N"
"2019","99000000160095000","N","N"
"2019","99000000166610000","N","N"
"2019","99000000168230000","N","N"
"2019","99000000168520000","N","N"
"2019","99000000169000000","N","N"
"2019","99000000201490000","N","N"
"2019","99000000202895000","N","N"
"2019","99000000208555000","N","N"
"2019","99000000214041300","N","N"
"2019","99000000214650700","N","N"
"2019","99000000214748400","N","N"
"2019","99000000214821650","N","N"
"2019","99000000214825100","N","N"
"2019","99000000214960300","N","N"
"2019","99000000215015250","N","N"
"2019","99000000215028400","N","N"
"2019","99000000215030200","N","N"
"2019","99000000215032000","N","N"
"2019","99000000215060050","N","N"
"2019","99000000215062700","N","N"
"2019","99000000215073800","N","N"
"2019","99000000215116750","N","N"
"2019","99000000215120250","N","N"
"2019","99000000215158950","N","N"
"2019","99000000215172800","N","N"
"2019","99000000215189450","N","N"
"2019","99000000215196550","N","N"
"2019","99000000215262250","N","N"
"2019","99000000215286750","N","N"
"2019","99000000215292750","N","N"
"2019","99000000215294150","N","N"
"2019","99000000215297750","N","N"
"2019","99000000215298400","N","N"
"2019","99000000215309100","N","N"
"2019","99000000215313550","N","N"
"2019","99000000215320600","N","N"
"2019","99000000215321900","N","N"
"2019","99000000215322450","N","N"
"2019","99000000215328600","N","N"
"2019","99000000215332800","N","N"
"2019","99000000215334300","N","N"
"2019","99000000215357200","N","N"
"2019","99000000215359850","N","N"
"2019","99000000215368100","N","N"
"2019","99000000215374000","N","N"
"2019","99000000215386150","N","N"
"2019","99000000215389550","N","N"
"2019","99000000215401500","N","N"
"2019","99000000215407100","N","N"
"2019","99000000215417850","N","N"
"2019","99000000215419850","N","N"
"2019","99000000215425000","N","N"
"2019","99000000215461550","N","N"
"2019","99000000215474950","N","N"
"2019","99000000215479700","N","N"
"2019","99000000215504900","N","N"
"2019","99000000215516950","N","N"
"2019","99000000215517750","N","N"
"2019","99000000215528250","N","N"
"2019","99000000215567600","N","N"
"2019","99000000215585750","Y","N"
"2019","99000000215616750","N","N"
"2019","99000000215616950","N","N"
"2019","99000000215620800","N","N"
"2019","99000000215628450","N","N"
"2019","99000000215632300","Y","N"
"2019","99000000215657500","N","N"
"2019","99000000215662250","N","N"
"2019","99000000215701250","N","N"
"2019","99000000215712000","N","N"
"2019","99000000215717300","N","N"
"2019","99000000215725900","N","N"
"2019","99000000215745450","N","N"
"2019","99000000215745700","N","N"
"2019","99000000215758550","N","N"
"2019","99000000215776050","N","N"
"2019","99000000215789200","N","N"
"2019","99000000215795400","N","N"
"2019","99000000215800250","N","N"
"2019","99000000215807650","N","N"
"2019","99000000215809400","N","N"
"2019","99000000215813850","N","N"
"2019","99000000215815200","N","N"
"2019","99000000215837800","N","N"
"2019","99000000215856050","N","N"
"2019","99000000215868300","N","N"
"2019","99000000215868600","N","N"
"2019","99000000215897200","N","N"
"2019","99000000215914000","N","N"
"2019","99000000215914750","N","N"
"2019","99000000215921350","N","N"
"2019","99000000215923650","N","N"
"2019","99000000215925750","N","N"
"2019","99000000215938650","N","N"
"2019","99000000215948600","N","N"
"2019","99000000215968450","N","N"
"2019","99000000215981950","N","N"
"2019","99000000215985900","N","N"
"2019","99000000215986300","N","N"
"2019","99000000215993400","N","N"
"2019","99000000215996550","N","N"
"2019","99000000216041400","N","N"
"2019","99000000216073650","N","N"
"2019","99000000216082900","N","N"
"2019","99000000216084350","N","N"
"2019","99000000216084500","N","N"
"2019","99000000216090350","N","N"
"2019","99000000216125200","N","N"
"2019","99000000216140000","N","N"
"2019","99000000216140300","N","N"
"2019","99000000216159900","N","N"
"2019","99000000216176550","N","N"
"2019","99000000216178100","N","N"
"2019","99000000216188050","N","N"
"2019","99000000216199750","N","N"
"2019","99000000216243000","N","N"
"2019","99000000216248950","N","N"
"2019","99000000216253050","N","N"
"2019","99000000216283850","N","N"
"2019","99000000216322300","N","N"
"2019","99000000216332900","N","N"
"2019","99000000216334600","N","N"
"2019","99000000216360000","N","N"
"2019","99000000216372850","N","N"
"2019","99000000216383200","N","N"
"2019","99000000216383750","N","N"
"2019","99000000216391750","N","N"
"2019","99000000216397600","N","N"
"2019","99000000216404250","N","N"
"2019","99000000216406900","N","N"
"2019","99000000216424200","N","N"
"2019","99000000216427350","N","N"
"2019","99000000216440000","N","N"
"2019","99000000216454350","N","N"
"2019","99000000216467000","N","N"
"2019","99000000216474450","N","N"
"2019","99000000216479400","N","N"
"2019","99150408103000000","N","N"
"2019","99150408105000000","N","N"
"2019","99150408158000000","N","N"
"2019","99150408177000000","N","N"
"2019","99150408185000000","N","N"
"2019","99150408186000000","N","N"
"2019","99150408187000000","N","N"
"2019","99150423110000000","N","N"
"2019","99150423900000000","N","N"
"2019","99150429240000000","N","N"
"2019","99150430230000000","N","N"
"2019","99150430240000000","N","N"
"2019","99150501100000000","N","N"
"2019","99150501200000000","N","N"
"2019","99150504800000000","N","N"
"2019","99150505180000000","N","N"
"2019","99150505250000000","N","N"
"2019","99150506120000000","N","N"
"2019","99150506130000000","N","N"
"2019","99150506140000000","N","N"
"2019","99150506160000000","N","N"
"2019","99150507670000000","N","N"
"2019","99150511150000000","N","N"
"2019","99150514100000000","N","N"
"2019","99150514200000000","N","N"
"2019","99150514300000000","N","N"
"2019","99150514400000000","N","N"
"2019","99150514600000000","N","N"
"2019","99150616200000000","N","N"
"2019","99150706300000000","N","N"
"2019","99150727187000000","N","N"
"2019","99150727213000000","N","N"
"2019","99150727420000000","N","N"
"2019","99150728710000000","N","N"
"2019","99150826120000000","N","N"
"2019","99150901350000000","N","N"
"2019","99150915650000000","N","N"
"2019","99150916620000000","N","N"
"2019","99150928210000000","N","N"
"2019","99151019130000000","N","N"
"2019","99151102280000000","N","N"
"2019","99151123550000000","N","N"
"2019","99151203390000000","N","N"
"2019","99151216870000000","N","N"
"2019","99151221260000000","N","N"
"2019","99160104180000000","N","N"
"2019","99160106470000000","N","N"
"2019","99160114210000000","N","N"
"2019","99160114800000000","N","N"
"2019","99160114880000000","N","N"
"2019","99160119700000000","N","N"
"2019","99160202120000000","N","N"
"2019","99160202660000000","N","N"
"2019","99160222460000000","N","N"
"2019","99160309102000000","N","N"
"2019","99160309106000000","N","N"
"2019","99160310290000000","N","N"
"2019","99160310700000000","N","N"
"2019","99160315100000000","N","N"
"2019","99160316100000000","N","N"
"2019","99160316154000000","N","N"
"2019","99160316620000000","N","N"
"2019","99160317110000000","N","N"
"2019","99160317170000000","N","N"
"2019","99160317190000000","N","N"
"2019","99160317420000000","N","N"
"2019","99160317450000000","N","N"
"2019","99160318100000000","N","N"
"2019","99160322110000000","N","N"
"2019","99160323820000000","Y","N"
"2019","99160329530000000","N","N"
"2019","99160331250000000","N","N"
"2019","99160404360000000","N","N"
"2019","99160406230000000","N","N"
"2019","99160406270000000","N","N"
"2019","99160411150000000","N","N"
"2019","99160411510000000","N","N"
"2019","99160412220000000","N","N"
"2019","99160412270000000","Y","N"
"2019","99160412500000000","N","N"
"2019","99160412600000000","N","N"
"2019","99160413390000000","N","N"
"2019","99160419590000000","N","N"
"2019","99160421600000000","N","N"
"2019","99160428110000000","N","N"
"2019","99160428130000000","N","N"
"2019","99160503110000000","N","N"
"2019","99160503500000000","N","N"
"2019","99160503800000000","N","N"
"2019","99160504110000000","N","N"
"2019","99160505360000000","N","N"
"2019","99160509150000000","N","N"
"2019","99160509400000000","N","N"
"2019","99160510400000000","N","N"
"2019","99160510500000000","N","N"
"2019","99160516150000000","N","N"
"2019","99160516160000000","N","N"
"2019","99160614100000000","N","N"
"2019","99160713100000000","N","N"
"2019","99160725450000000","N","N"
"2019","99160725890000000","N","N"
"2019","99160726103000000","N","N"
"2019","99160726105000000","N","N"
"2019","99160726660000000","N","N"
"2019","99160801240000000","N","N"
"2019","99160809170000000","N","N"
"2019","99160815180000000","N","N"
"2019","99160815280000000","N","N"
"2019","99160825300000000","N","N"
"2019","99160912620000000","N","N"
"2019","99160912690000000","N","N"
"2019","99160914370000000","N","N"
"2019","99161003450000000","N","N"
"2019","99161003540000000","N","N"
"2019","99161009700000000","N","N"
"2019","99161012320000000","N","N"
"2019","99161013480000000","N","N"
"2019","99161020130000000","N","N"
"2019","99161020420000000","N","N"
"2019","99161020700000000","N","N"
"2019","99161101250000000","N","N"
"2019","99161115260000000","N","N"
"2019","99161117320000000","N","N"
"2019","99161117380000000","N","N"
"2019","99161121290000000","N","N"
"2019","99161123520000000","N","N"
"2019","99161206470000000","N","N"
"2019","99161208480000000","N","N"
"2019","99161221660000000","N","N"
"2019","99170104440000000","N","N"
"2019","99170119350000000","Y","N"
"2019","99170126560000000","N","N"
"2019","99170201240000000","N","N"
"2019","99170207160000000","N","N"
"2019","99170214110000000","N","N"
"2019","99170302300000000","N","N"
"2019","99170313600000000","N","N"
"2019","99170315180000000","N","N"
"2019","99170315250000000","N","N"
"2019","99170321117000000","N","N"
"2019","99170327350000000","N","N"
"2019","99170329380000000","N","N"
"2019","99170329390000000","N","N"
"2019","99170404210000000","N","N"
"2019","99170405370000000","Y","N"
"2019","99170412100000000","N","N"
"2019","99170412500000000","N","Y"
"2019","99170418130000000","N","N"
"2019","99170418210000000","N","N"
"2019","99170419100000000","N","N"
"2019","99170419700000000","N","N"
"2019","99170419800000000","N","N"
"2019","99170420100000000","N","N"
"2019","99170420170000000","N","N"
"2019","99170420400000000","N","N"
"2019","99170421450000000","N","N"
"2019","99170421530000000","N","N"
"2019","99170421540000000","N","N"
"2019","99170425800000000","N","N"
"2019","99170426160000000","N","N"
"2019","99170426170000000","N","N"
"2019","99170428900000000","N","N"
"2019","99170501200000000","N","N"
"2019","99170502130000000","N","N"
"2019","99170502160000000","N","N"
"2019","99170502180000000","N","N"
"2019","99170503120000000","N","N"
"2019","99170503180000000","N","N"
"2019","99170503200000000","N","N"
"2019","99170504180000000","N","N"
"2019","99170504220000000","N","N"
"2019","99170505120000000","N","N"
"2019","99170508280000000","N","N"
"2019","99170508470000000","N","N"
"2019","99170509200000000","N","N"
"2019","99170515740000000","N","N"
"2019","99170516350000000","N","N"
"2019","99170518110000000","N","N"
"2019","99170518500000000","N","N"
"2019","99170519100000000","N","N"
"2019","99170522240000000","N","N"
"2019","99170524100000000","N","N"
"2019","99170706900000000","N","N"
"2019","99170724116000000","N","N"
"2019","99170724460000000","N","N"
"2019","99170724480000000","N","N"
"2019","99170724680000000","N","N"
"2019","99170823470000000","Y","N"
"2019","99170829200000000","N","N"
"2019","99170906170000000","N","N"
"2019","99170926240000000","N","N"
"2019","99171114400000000","N","N"
"2019","99171129190000000","N","N"
"2019","99171206900000000","N","N"
"2019","99171211300000000","N","N"
"2019","99180201410000000","N","N"
"2019","99180213102000000","N","N"
"2019","99180213350000000","N","N"
"2019","99180221460000000","N","N"
"2019","99180228300000000","N","N"
"2019","99180314120000000","N","N"
"2019","99180314200000000","N","N"
"2019","99180316100000000","Y","N"
"2019","99180319500000000","N","N"
"2019","99180321560000000","N","N"
"2019","99180329610000000","N","N"
"2019","99180403330000000","N","N"
"2019","99180404700000000","N","N"
"2019","99180409140000000","N","N"
"2019","99180410300000000","N","N"
"2019","99180410740000000","Y","N"
"2019","99180411210000000","N","N"
"2019","99180411590000000","N","N"
"2019","99180411700000000","N","N"
"2019","99180412400000000","N","N"
"2019","99180419600000000","N","N"
"2019","99180419800000000","N","N"
"2019","99180423140000000","N","N"
"2019","99180423200000000","N","N"
"2019","99180425200000000","N","N"
"2019","99180425500000000","N","N"
"2019","99180426180000000","N","N"
"2019","99180430170000000","N","N"
"2019","99180501100000000","N","N"
"2019","99180501800000000","N","N"
"2019","99180503100000000","N","N"
"2019","99180503200000000","N","N"
"2019","99180503500000000","N","N"
"2019","99180507100000000","N","N"
"2019","99180507200000000","Y","N"
"2019","99180508110000000","N","N"
"2019","99180509200000000","N","N"
"2019","99180517250000000","N","N"
"2019","99180517400000000","N","N"
"2019","99180522320000000","N","N"
"2019","99180522730000000","N","N"
"2019","99180522750000000","N","N"
"2019","99180607200000000","N","N"
"2019","99180725700000000","N","N"
"2019","99180730141000000","N","N"
"2019","99180814116000000","N","N"
"2019","99180830750000000","N","N"
"2019","99180918270000000","N","N"
"2019","99181010820000000","N","N"
"2019","99181030700000000","N","N"
"2019","99181108520000000","N","N"
"2019","99181121290000000","N","N"
"2019","99181206560000000","N","N"
"2019","99181218860000000","Y","N"
"2019","99190128570000000","N","N"
"2019","99190130350000000","N","N"
"2019","99190205240000000","N","N"
"2019","99190205760000000","N","N"
"2019","99190207820000000","N","N"
"2019","99190211330000000","N","N"
"2019","99190211620000000","N","N"
"2019","99190212570000000","N","N"
"2019","99190213610000000","Y","N"
"2019","99190214730000000","Y","N"
"2019","99190219110000000","N","N"
"2019","99190225460000000","N","N"
"2019","99190227300000000","N","N"
"2019","99190314500000000","N","N"
"2019","99190325630000000","N","N"
"2019","99190410800000000","N","N"
"2019","99190415100000000","N","N"
"2019","99190417300000000","N","N"
"2019","99190418200000000","N","N"
"2019","99190418400000000","N","N"
"2019","99190418900000000","N","N"
"2019","99190423140000000","N","N"
"2019","99190423500000000","N","N"
"2019","99190424100000000","N","N"
"2019","99190424210000000","N","N"
"2019","99190424900000000","N","N"
"2019","99190425230000000","N","N"
"2019","99190429760000000","N","N"
"2019","99190430180000000","N","N"
"2019","99190430420000000","N","N"
"2019","99190501100000000","N","N"
"2019","99190502540000000","N","N"
"2019","99190502550000000","N","N"
"2019","99190502570000000","N","N"
"2019","99190502590000000","N","N"
"2019","99190503220000000","N","N"
"2019","99190503710000000","N","N"
"2019","99190503810000000","N","N"
"2019","99190503860000000","N","N"
"2019","99190507160000000","N","N"
"2019","99190507360000000","N","N"
"2019","99190507410000000","Y","N"
"2019","99190507430000000","N","N"
"2019","99190507460000000","N","N"
"2019","99190509110000000","N","N"
"2019","99190509140000000","N","N"
"2019","99190514141000000","N","N"
"2019","99190515137000000","N","N"
"2019","99190515142000000","N","N"
"2019","99190515143000000","N","N"
"2019","99190515144000000","N","N"
"2019","99190515147000000","N","N"
"2019","99190515740000000","N","N"
"2019","99190515820000000","N","N"
"2019","99190516260000000","N","N"
"2019","99190516460000000","N","N"
"2019","99190516860000000","Y","N"
"2019","99190517160000000","N","N"
"2019","99190520110000000","N","N"
"2019","99190520320000000","N","N"
"2019","99190521330000000","N","N"
"2019","99190521380000000","N","N"
"2019","99190521430000000","N","N"
"2019","99190521540000000","N","N"
"2019","99190521550000000","N","N"
"2019","99190521610000000","N","N"
"2019","99190607100000000","Y","N"
"2019","99190618100000000","Y","N"
"2019","99190618200000000","Y","N"
"2019","99190619200000000","N","N"
"2019","99190712100000000","N","N"
"2019","99199929900037200","N","N"
"2019","99199929900047050","N","N"
"2019","99199929900081900","N","N"
"2019","99199929900101850","N","N"
"2019","99199929900103250","N","N"
"2019","99199929900132650","N","N"
"2019","99199929900145950","N","N"
"2019","99199929900149050","N","N"
"2019","99199929900155200","N","N"
"2019","99199929900162900","N","N"
"2019","99199929900163050","N","N"
"2019","99199929900163150","N","N"
"2019","99199929900236700","N","N"
"2019","99199929900242400","N","N"
"2019","99199935600009500","N","N"
"2019","99199935600036500","N","N"
"2019","99199935600036750","N","N"
"2019","99199935600039300","N","N"
"2019","99200001000041800","N","N"
"2019","99200001000045100","N","N"
"2019","99200001000055700","N","N"
"2019","99200001000171050","N","N"
"2019","99200001000210400","N","N"
"2019","99200006100033800","N","N"
"2019","99200006100062000","N","N"
"2019","99200006100065400","N","N"
"2019","99200006100143100","N","N"
"2019","99200006100153850","N","N"
"2019","99200006100228150","N","N"
"2019","99200021600040400","N","N"
"2019","99200021600054650","N","N"
"2019","99200021600117700","N","N"
"2019","99200021600191900","N","N"
"2019","99200021600218950","N","N"
"2019","99200021600220900","N","N"
"2019","99200021600240700","N","N"
"2019","99200021600241000","N","N"
"2019","99200029800005500","N","N"
"2019","99200029800163550","N","N"
"2019","99200029800195800","N","N"
"2019","99200029800197400","N","N"
"2019","99200029800197450","N","N"
"2019","99200029800243550","N","N"
"2019","99200029800243700","N","N"
"2019","99200029800248300","N","N"
"2019","99200101700003800","N","N"
"2019","99200101700031050","N","N"
"2019","99200101700036650","N","N"
"2019","99200101700044900","N","N"
"2019","99200101700046200","N","N"
"2019","99200101700051000","N","N"
"2019","99200101700052000","N","N"
"2019","99200101700071000","N","N"
"2019","99200101700072050","N","N"
"2019","99200101700079900","N","N"
"2019","99200101700082550","N","N"
"2019","99200101700094950","N","N"
"2019","99200101700095800","N","N"
"2019","99200101700112000","N","N"
"2019","99200101700112250","N","N"
"2019","99200101700228800","N","N"
"2019","99200108500017450","N","N"
"2019","99200108500040950","N","N"
"2019","99200108500082900","Y","N"
"2019","99200108500084600","N","N"
"2019","99200108500084650","N","N"
"2019","99200108500084700","N","N"
"2019","99200108500141800","N","N"
"2019","99200108500141850","N","N"
"2019","99200108500141950","N","N"
"2019","99200108500142250","N","N"
"2019","99200108500142400","N","N"
"2019","99200108500142450","N","N"
"2019","99200108500142550","N","N"
"2019","99200108500142600","N","N"
"2019","99200108500142650","N","N"
"2019","99200108500142700","N","N"
"2019","99200108500142800","N","N"
"2019","99200108500142850","N","N"
"2019","99200108500143050","N","N"
"2019","99200108500143200","N","N"
"2019","99200108500143350","N","N"
"2019","99200108500143500","N","N"
"2019","99200108500143550","N","N"
"2019","99200108500143650","N","N"
"2019","99200108500143700","N","N"
"2019","99200108500144100","N","N"
"2019","99200108500144150","N","N"
"2019","99200108500144250","N","N"
"2019","99200108500144400","N","N"
"2019","99200108500173350","N","N"
"2019","99200121400043400","N","N"
"2019","99200121400045650","N","N"
"2019","99200121400070500","N","N"
"2019","99200121400089900","N","N"
"2019","99200121400096000","N","N"
"2019","99200121400096700","N","N"
"2019","99200121400108050","N","N"
"2019","99200126700072050","N","N"
"2019","99200126700090700","N","N"
"2019","99200126700090800","N","N"
"2019","99200126700119700","N","N"
"2019","99200126700129600","N","N"
"2019","99200126700150450","N","N"
"2019","99200126700165500","N","N"
"2019","99200126700165550","N","N"
"2019","99200126700178050","N","N"
"2019","99200126700185350","N","N"
"2019","99200126700226550","N","N"
"2019","99200133100002900","N","N"
"2019","99200133100037900","Y","N"
"2019","99200133100043000","N","N"
"2019","99200133100089950","N","N"
"2019","99200200300022150","N","N"
"2019","99200200300033100","N","N"
"2019","99200200300045350","N","N"
"2019","99200200300052750","N","N"
"2019","99200200300052900","N","N"
"2019","99200200300052950","N","N"
"2019","99200200300098450","N","N"
"2019","99200203100074950","N","N"
"2019","99200203100086250","N","N"
"2019","99200207100016550","N","N"
"2019","99200207100041350","N","N"
"2019","99200210700047750","N","N"
"2019","99200210700048100","N","N"
"2019","99200212000015450","N","N"
"2019","99200212700035500","N","N"
"2019","99200213600038900","N","N"
"2019","99200225200012650","N","N"
"2019","99200225200024200","Y","N"
"2019","99200225200029900","N","N"
"2019","99200225200032700","N","N"
"2019","99200225200076950","N","N"
"2019","99200225200100700","N","N"
"2019","99200225200102200","N","N"
"2019","99200225200134000","N","N"
"2019","99200225200134400","N","N"
"2019","99200225200134950","N","N"
"2019","99200225200135300","N","N"
"2019","99200225200155450","N","N"
"2019","99200225200235950","N","N"
"2019","99200225200244100","N","N"
"2019","99200229500027850","N","N"
"2019","99200229500073900","N","N"
"2019","99200229500107050","N","N"
"2019","99200229500132200","N","N"
"2019","99200301800062700","N","N"
"2019","99200301800165950","N","N"
"2019","99200313500019950","N","N"
"2019","99200324700035900","N","N"
"2019","99200324700049000","N","N"
"2019","99200324700070050","N","N"
"2019","99200324700081500","N","N"
"2019","99200324700120950","N","N"
"2019","99200324700127000","N","N"
"2019","99200324700142600","N","N"
"2019","99200324700153000","N","N"
"2019","99200324700159000","N","N"
"2019","99200324700187850","N","N"
"2019","99200324700233300","N","N"
"2019","99200324700287650","N","N"
"2019","99200324700289050","N","N"
"2019","99200324700393200","N","N"
"2019","99200324700414100","N","N"
"2019","99200324700436700","N","N"
"2019","99200324700438000","N","N"
"2019","99200324700459850","N","N"
"2019","99200324700480450","N","N"
"2019","99200334600000250","N","N"
"2019","99200334600000500","N","N"
"2019","99200334600003550","N","N"
"2019","99200334600019300","N","N"
"2019","99200334600025650","N","N"
"2019","99200334600042800","N","N"
"2019","99200334600096050","N","N"
"2019","99200334600105350","N","N"
"2019","99200334600108700","N","N"
"2019","99200334600112800","N","N"
"2019","99200334600133250","N","N"
"2019","99200334600153950","N","N"
"2019","99200334600183400","N","N"
"2019","99200334600184000","N","N"
"2019","99200334600194700","N","N"
"2019","99200334600198600","N","N"
"2019","99200334600204650","N","N"
"2019","99200334600249500","N","N"
"2019","99200334600270700","N","N"
"2019","99200334600278300","N","N"
"2019","99200334600285800","N","N"
"2019","99200334600286450","N","N"
"2019","99200334600287750","N","N"
"2019","99200334600300500","N","N"
"2019","99200334600318850","N","N"
"2019","99200334600394200","N","N"
"2019","99200334600398750","N","N"
"2019","99200334600405000","N","N"
"2019","99200334600419000","N","N"
"2019","99200334600419100","N","N"
"2019","99200334600420400","N","N"
"2019","99200334600421450","N","N"
"2019","99200334600423200","N","N"
"2019","99200334600450050","N","N"
"2019","99200334600487950","N","N"
"2019","99200408300002600","N","N"
"2019","99200408300008150","N","N"
"2019","99200408300008200","N","N"
"2019","99200408300015550","N","N"
"2019","99200408300038200","N","N"
"2019","99200408300038250","N","N"
"2019","99200408300044600","N","N"
"2019","99200408300056750","N","N"
"2019","99200408300064150","N","N"
"2019","99200408300073900","N","N"
"2019","99200408300081400","N","N"
"2019","99200408300128550","N","N"
"2019","99200408300155400","N","N"
"2019","99200408300157600","N","N"
"2019","99200408300205500","N","N"
"2019","99200408300240950","N","N"
"2019","99200408300316600","N","N"
"2019","99200408300316800","N","N"
"2019","99200408300316950","N","N"
"2019","99200408300318500","N","N"
"2019","99200408300320400","N","N"
"2019","99200408300457500","N","N"
"2019","99813640000014450","N","N"
"2019","99813640000054250","N","N"
"2019","99813640000054700","N","N"
"2019","99813640000056750","N","N"
"2019","99813640000083850","N","N"
"2019","99813640000120100","N","N"
"2019","99813640000128100","N","N"
"2019","99813640000140050","N","N"
"2019","99813640000167650","N","N"
"2019","99813640000407750","N","N"
"2019","99813640000434500","N","N"
"2019","99813640000443300","N","N"
"2019","99813640000456500","N","N"
"2019","99820130000068600","N","N"
"2019","99820130000102050","N","N"
"2019","99820130000102300","Y","N"
"2019","99820130000102450","N","N"
"2019","99820130000134300","N","N"
"2019","99820130000174850","N","N"
"2019","99820230000384600","N","N"
"2019","99820230000385650","N","N"
"2019","99820230000396800","N","N"
"2019","99820230000405950","N","N"
"2019","99820230000416500","N","N"
"2019","99820230000416550","N","N"
"2019","99820230000420000","N","N"
"2019","99820230000432450","N","N"
"2019","99820230000437250","N","N"
"2019","99820230000440650","N","N"
"2019","99820230000456200","N","N"
"2019","99820230000464300","N","N"
"2019","99820230000470600","N","N"
"2019","99820230000479700","N","N"
"2019","99820230000492300","N","N"
"2019","99820230000497700","N","N"
"2019","99820230000502300","N","N"
"2019","99820230000515300","N","N"
"2019","99820230000522950","N","N"
"2019","99820580000038350","N","N"
"2019","99820580000064950","N","N"
"2019","99820580000065200","N","N"
"2019","99820580000086100","N","N"
"2019","99820580000192250","N","N"
"2019","99820580000192400","N","N"
"2019","99820580000192500","N","N"
"2019","99820580000202050","N","N"
"2019","99820850000022700","N","N"
"2019","99820850000035400","N","N"
"2019","99820850000073650","N","N"
"2019","99820850000077650","N","N"
"2019","99820850000078000","N","N"
"2019","99820850000081100","N","N"
"2019","99820850000101100","N","N"
"2019","99820850000112750","N","N"
"2019","99820850000169600","N","N"
"2019","99820850000194850","N","N"
"2019","99820850000195050","N","N"
"2019","99820850000196750","N","N"
"2019","99820850000206150","N","N"
"2019","99820850000240350","N","N"
"2019","99821070000025850","N","N"
"2019","99821070000026350","N","N"
"2019","99821070000079850","N","N"
"2019","99821070000146100","N","N"
"2019","99821070000157400","N","N"
"2019","99821070000163250","N","N"
"2019","99821070000225850","N","N"
"2019","99821540000283700","N","N"
"2019","99821540000355800","N","N"
"2019","99821540000448200","N","N"
"2019","99830030000003500","N","N"
"2019","99830030000061650","N","N"
"2019","99830030000146050","N","N"
"2019","99830030000175150","N","N"
"2019","99830030000196400","N","N"
"2019","99830030000217950","N","N"
"2019","99830030000224100","N","N"
"2019","99830030000226150","N","N"
"2019","99830030000245950","N","N"
"2019","99830030000262500","N","N"
"2019","99830030000269700","N","N"
"2019","99830030000271150","N","N"
"2019","99830030000308100","N","N"
"2019","99830030000395250","N","N"
"2019","99830030000442650","Y","N"
"2019","99830620000036350","N","N"
"2019","99830620000049450","N","N"
"2019","99830620000072050","N","N"
"2019","99830620000072500","N","N"
"2019","99830620000072950","N","N"
"2019","99830620000096950","N","N"
"2019","99830620000116750","N","N"
"2019","99830970000125950","N","N"
"2019","99830970000126750","N","N"
"2019","99830970000126850","N","N"
"2019","99830970000133400","N","N"
"2019","99830970000135550","N","N"
"2019","99830970000146750","N","N"
"2019","99830970000149500","N","N"
"2019","99830970000149650","N","N"
"2019","99830970000172300","N","N"
"2019","99830970000224500","N","N"
"2019","99830970000229300","N","N"
"2019","99830970000239100","N","N"
"2019","99830970000239150","N","N"
"2019","99831260000018503","N","N"
"2019","99831260000235400","N","N"
"2019","99832510000016900","N","N"
"2019","99832510000033500","N","N"
"2019","99832510000273350","N","N"
"2019","99832510000402950","N","N"
"2019","99832510000431250","N","N"
"2019","99832510000469250","N","N"
"2019","99832510000480700","N","N"
"2019","99832520000043000","N","N"
"2019","99832520000099750","N","N"
"2019","99832520000135650","N","N"
"2019","99832520000174750","N","N"
"2019","99840410000056900","N","N"
"2019","99840410000162750","N","N"
"2019","99840410000182350","N","N"
"2019","99840410000228900","N","N"
"2019","99840410000239850","N","N"
"2019","99843380000021000","N","N"
"2019","99843380000066700","N","N"
"2019","99843380000104150","N","N"
"2019","99843380000108350","N","N"
"2019","99843380000117550","N","N"
"2019","99850003000023110","N","N"
"2019","99850030000085600","N","N"
"2019","99850030000092600","N","N"
"2019","99850030000107850","N","N"
"2019","99850030000148650","N","N"
"2019","99850030000203500","N","N"
"2019","99850030000204250","N","N"
"2019","99850030000206850","N","N"
"2019","99850030000210750","N","N"
"2019","99850030000218200","N","N"
"2019","99850030000246400","Y","N"
"2019","99850030000282750","N","N"
"2019","99850030000282800","N","N"
"2019","99850030000300150","N","N"
"2019","99850030000478050","N","N"
"2019","99850030000498150","N","N"
"2019","99850350000018350","N","N"
"2019","99850350000038050","N","N"
"2019","99850350000055950","N","N"
"2019","99850350000153650","N","N"
"2019","99850350000209650","N","N"
"2019","99850350000237050","N","N"
"2019","99850350000244000","N","N"
"2019","99850350000281350","N","N"
"2019","99850350000285200","N","N"
"2019","99850570000066950","N","N"
"2019","99850570000080900","N","N"
"2019","99850570000102900","N","N"
"2019","99850570000115550","N","N"
"2019","99850630000007950","N","N"
"2019","99850630000018300","N","N"
"2019","99850630000053500","N","N"
"2019","99850770000022950","N","N"
"2019","99860020000044850","N","N"
"2019","99860020000151600","N","N"
"2019","99860020000247550","N","N"
"2019","99860020000274900","N","N"
"2019","99860020000336600","N","N"
"2019","99860020000352250","N","N"
"2019","99860020000384700","N","N"
"2019","99860020000410450","N","N"
"2019","99860020000437750","N","N"
"2019","99860020000510400","N","N"
"2019","99860020000510800","N","N"
"2019","99860020000522300","N","N"
"2019","99860020000561550","N","N"
"2019","99860020000580800","N","N"
"2019","99860020000593400","N","N"
"2019","99860020000595250","N","N"
"2019","99860020000671400","N","N"
"2019","99860020000889400","N","N"
"2019","99860020000892650","N","N"
"2019","99860020001022400","N","N"
"2019","99860020001022750","N","N"
"2019","99860020001057600","N","N"
"2019","99860020001243400","N","N"
"2019","99862330000001050","N","N"
"2019","99862330000001300","N","N"
"2019","99862330000024750","N","N"
"2019","99862330000080750","Y","N"
"2019","99862330000095800","N","N"
"2019","99862330000117200","N","N"
"2019","99862330000130550","N","N"
"2019","99863090000016700","N","N"
"2019","99863090000016800","N","N"
"2019","99863090000048300","N","N"
"2019","99863430000004700","N","N"
"2019","99863560000026350","N","N"
"2019","99870060000011450","N","N"
"2019","99870060000055500","N","N"
"2019","99870060000065250","N","N"
"2019","99870060000067150","N","N"
"2019","99870060000067900","N","N"
"2019","99870060000112500","N","N"
"2019","99870060000223600","N","N"
"2019","99870490000021100","N","N"
"2019","99870490000024450","N","N"
"2019","99870490000047850","N","N"
"2019","99870620000006650","N","N"
"2019","99870620000017050","N","N"
"2019","99870620000028750","N","N"
"2019","99870620000060750","N","N"
"2019","99870620000090650","N","N"
"2019","99870820000048200","N","N"
"2019","99870970000006600","N","N"
"2019","99870970000077400","N","N"
"2019","99870970000099150","N","N"
"2019","99870970000137450","N","N"
"2019","99871660000021050","N","N"
"2019","99872150000025850","N","N"
"2019","99872150000032150","N","N"
"2019","99872150000032750","N","N"
"2019","99872150000041050","N","N"
"2019","99872150000281200","N","N"
"2019","99872150000283950","N","N"
"2019","99872740000005900","N","N"
"2019","99872740000006800","N","N"
"2019","99872740000052750","N","N"
"2019","99872740000061850","N","N"
"2019","99872740000090000","N","N"
"2019","99873070000003000","N","N"
"2019","99873070000019400","N","N"
"2019","99873070000023950","N","N"
"2019","99873070000041550","N","N"
"2019","99873070000074400","N","N"
"2019","99873070000095550","N","N"
"2019","99873510000020900","N","N"
"2019","99873510000027550","N","N"
"2019","99873510000037000","N","N"
"2019","99873510000082350","N","N"
"2019","99873510000119150","N","N"
"2019","99873640000054150","N","N"
"2019","99880630000016700","N","N"
"2019","99880630000036350","N","N"
"2019","99880630000042100","N","N"
"2019","99880630000050800","N","N"
"2019","99880630000096650","N","N"
"2019","99880630000097150","N","N"
"2019","99880630000131100","N","N"
"2019","99881440000007450","N","N"
"2019","99881440000011200","N","N"
"2019","99882170000036700","N","N"
"2019","99882170000040700","N","N"
"2019","99882170000166050","N","N"
"2019","99882170000204800","N","N"
"2019","99882170000205750","N","N"
"2019","99882170000231100","N","N"
"2019","99882170000269800","N","N"
"2019","99882170000303400","N","N"
"2019","99882170000351400","N","N"
"2019","99882910000083300","N","N"
"2019","99882910000174900","N","N"
"2019","99882910000198850","N","N"
"2019","99882910000223400","N","N"
"2019","99882910000268400","N","N"
"2019","99882910000276400","N","N"
"2019","99890060000010550","N","N"
"2019","99890060000010700","N","N"
"2019","99890060000027250","N","N"
"2019","99890060000081250","N","N"
"2019","99890060000159500","N","N"
"2019","99890060000172550","N","N"
"2019","99890060000230950","N","N"
"2019","99890060000258500","N","N"
"2019","99890060000282150","N","N"
"2019","99890880000020150","N","N"
"2019","99890880000021350","N","N"
"2019","99890880000040350","N","N"
"2019","99890880000123550","N","N"
"2019","99891440000014350","N","N"
"2019","99891440000017800","N","N"
"2019","99892280000008550","N","N"
"2019","99892280000036250","N","N"
"2019","99892280000047650","N","N"
"2019","99892280000047800","N","N"
"2019","99892330000029650","N","N"
"2019","99892330000180650","N","N"
"2019","99892850000023550","N","N"
"2019","99892850000036300","N","N"
"2019","99892850000047200","N","N"
"2019","99893000000048350","N","N"
"2019","99893000000053700","N","N"
"2019","99893350000001000","N","N"
"2019","99893350000002650","N","N"
"2019","99900030000001650","N","N"
"2019","99900030000015000","N","N"
"2019","99900030000084850","N","N"
"2019","99900030000096850","N","N"
"2019","99900030000098650","N","N"
"2019","99900030000136900","N","N"
"2019","99900030000185400","N","N"
"2019","99900800000021050","N","N"
"2019","99900800000026900","N","N"
"2019","99900800000033750","N","N"
"2019","99900800000045800","N","N"
"2019","99900810000008700","N","N"
"2019","99902140000018400","N","N"
"2019","99902190000041450","N","N"
"2019","99902190000042050","N","N"
"2019","99902190000044050","N","N"
"2019","99902190000087250","N","N"
"2019","99902190000087850","N","N"
"2019","99902190000097000","N","N"
"2019","99902220000014750","N","N"
"2019","99902220000015100","N","N"
"2019","99902220000030100","N","N"
"2019","99902220000034000","N","N"
"2019","99902840000049700","N","N"
"2019","99903060000029900","N","N"
"2019","99903300000018500","N","N"
"2019","99903300000023700","N","N"
"2019","99903300000068350","N","N"
"2019","99910070000026350","N","N"
"2019","99910070000035800","N","N"
"2019","99910070000108800","N","N"
"2019","99910500000012850","N","N"
"2019","99910500000012900","N","N"
"2019","99910500000015200","N","N"
"2019","99910640000064500","N","N"
"2019","99910640000098750","N","N"
"2019","99910640000126250","N","N"
"2019","99910640000132400","N","N"
"2019","99910640000136000","N","N"
"2019","99910640000148850","N","N"
"2019","99910700000035750","N","N"
"2019","99911080000011100","N","N"
"2019","99912190000058450","N","N"
"2019","99912190000065650","N","N"
"2019","99912190000113000","N","N"
"2019","99912460000016100","N","N"
"2019","99912460000021300","N","N"
"2019","99912460000072350","N","N"
"2019","99912460000080600","N","N"
"2019","99912460000082100","N","N"
"2019","99912460000084800","N","N"
"2019","99912460000087100","N","N"
"2019","99912460000116700","N","N"
"2019","99912830000011450","N","N"
"2019","99912830000013750","N","N"
"2019","99912830000014400","N","N"
"2019","99912830000073950","N","N"
"2019","99912830000078200","N","N"
"2019","99912830000085100","N","N"
"2019","99912830000136000","N","N"
"2019","99913360000051400","N","N"
"2019","99913360000058450","N","N"
"2019","99913360000077800","N","N"
"2019","99913360000101650","N","N"
"2019","99913360000131250","N","N"
"2019","99913360000142050","N","N"
"2019","99913360000154150","N","N"
"2019","99920380000022850","N","N"
"2019","99920570000120050","N","N"
"2019","99920840000028250","N","N"
"2019","99921410000068800","N","N"
"2019","99921410000076150","N","N"
"2019","99921410000083000","N","N"
"2019","99921410000083500","Y","N"
"2019","99921410000096500","N","N"
"2019","99922160000013950","N","N"
"2019","99922160000023350","N","N"
"2019","99922160000029050","N","N"
"2019","99922160000050950","N","N"
"2019","99922160000101100","N","N"
"2019","99922160000104700","N","N"
"2019","99922160000110800","N","N"
"2019","99922160000178750","N","N"
"2019","99922160000180250","N","N"
"2019","99922160000180400","N","N"
"2019","99922160000213450","N","N"
"2019","99922160000235850","N","N"
"2019","99922160000236950","N","N"
"2019","99922950000006350","N","N"
"2019","99922950000046250","N","N"
"2019","99922950000064050","N","N"
"2019","99922950000136200","N","N"
"2019","99922950000154500","N","N"
"2019","99922950000160750","N","N"
"2019","99922950000176900","N","N"
"2019","99922950000186550","N","N"
"2019","99922950000186650","N","N"
"2019","99922950000222350","N","N"
"2019","99923630000029650","N","N"
"2019","99923630000033250","N","N"
"2019","99923630000143000","N","N"
"2019","99923630000204200","N","N"
"2019","99931310000037050","N","N"
"2019","99932140000007500","N","N"
"2019","99932140000021650","N","N"
"2019","99932150000004200","N","N"
"2019","99932150000026200","N","N"
"2019","99932280000060450","N","N"
"2019","99932280000101500","N","N"
"2019","99932280000110200","N","N"
"2019","99932280000110250","N","N"
"2019","99932280000160350","N","N"
"2019","99932280000162950","N","N"
"2019","99932280000196700","N","N"
"2019","99932850000033250","N","N"
"2019","99932850000050150","N","N"
"2019","99932850000085350","N","N"
"2019","99932850000095700","N","N"
"2019","99933060000065950","N","N"
"2019","99933060000075250","N","N"
"2019","99933060000081800","N","N"
"2019","99933060000131500","N","N"
"2019","99933490000068350","N","N"
"2019","99933490000094250","N","N"
"2019","99933490000096000","N","N"
"2019","99933490000191100","N","N"
"2019","99940340000027600","N","N"
"2019","99940340000030150","N","N"
"2019","99940340000050750","N","N"
"2019","99940340000102000","N","N"
"2019","99940340000105850","N","N"
"2019","99940340000131550","N","N"
"2019","99940730000075850","N","N"
"2019","99940730000092850","N","N"
"2019","99940730000126550","N","N"
"2019","99940730000126950","N","N"
"2019","99940730000127350","N","N"
"2019","99940730000127500","N","N"
"2019","99940730000177000","N","N"
"2019","99940730000181350","N","N"
"2019","99942070000123500","N","N"
"2019","99942070000134750","N","N"
"2019","99942070000283750","N","N"
"2019","99942070000289250","N","N"
"2019","99942070000332850","N","N"
"2019","99942070000399750","N","N"
"2019","99942070000425500","N","N"
"2019","99942070000465650","N","N"
"2019","99942070000482650","N","N"
"2019","99943120000011350","N","N"
"2019","99943120000016650","N","N"
"2019","99943120000028300","N","N"
"2019","99943120000059250","N","N"
"2019","99943120000103650","N","N"
"2019","99943120000173750","N","N"
"2019","99943120000177100","N","N"
"2019","99950170000060300","N","N"
"2019","99950170000096600","N","N"
"2019","99950170000096950","N","N"
"2019","99950170000168650","N","N"
"2019","99950170000177950","N","N"
"2019","99950170000246000","N","N"
"2019","99950650000001900","N","N"
"2019","99950650000050200","Y","N"
"2019","99950650000111300","N","N"
"2019","99950650000143450","N","N"
"2019","99950650000207000","N","N"
"2019","99950650000217850","N","N"
"2019","99950650000225650","N","N"
"2019","99950650000244100","N","N"
"2019","99950650000249300","N","N"
"2019","99952140000043500","N","N"
"2019","99952140000054400","N","N"
"2019","99952140000059250","Y","N"
"2019","99952140000142050","N","N"
"2019","99952140000172300","N","N"
"2019","99952140000221400","N","N"
"2019","99952150000026500","N","N"
"2019","99952150000050450","N","N"
"2019","99952150000052200","N","N"
"2019","99952150000084150","N","N"
"2019","99952150000094400","N","N"
"2019","99952150000128950","N","N"
"2019","99952150000143550","N","N"
"2019","99952150000152850","N","N"
"2019","99960290000077200","N","N"
"2019","99960440000081300","N","N"
"2019","99960440000082650","N","N"
"2019","99960440000083500","N","N"
"2019","99960440000087000","N","N"
"2019","99960530000053450","N","N"
"2019","99960530000058100","N","N"
"2019","99960530000060000","N","N"
"2019","99960530000069950","N","N"
"2019","99960530000081650","N","N"
"2019","99960920000014750","N","N"
"2019","99960920000077850","N","N"
"2019","99960920000083900","N","N"
"2019","99962120000011950","N","N"
"2019","99962120000024750","N","N"
"2019","99962120000049750","N","N"
"2019","99962120000049800","N","N"
"2019","99962120000054900","N","N"
"2019","99962120000059700","N","N"
"2019","99962560000006550","N","N"
"2019","99962560000007150","N","N"
"2019","99962560000013700","N","N"
"2019","99962560000030350","N","N"
"2019","99962560000098750","N","N"
"2019","99962560000141850","N","N"
"2019","99962560000229400","N","N"
"2019","99962980000010550","N","N"
"2019","99962980000042350","N","N"
"2019","99962980000180400","N","N"
"2019","99963520000002800","N","N"
"2019","99963520000011400","N","N"
"2019","99963530000019700","N","N"
"2019","99963530000060850","N","N"
"2019","99963530000069100","N","N"
"2019","99963530000104400","N","N"
"2019","99963530000167200","N","N"
"2019","99963530000169100","N","N"
"2019","99963530000195050","N","N"
"2019","99963530000195750","N","N"
"2019","99970440000038350","N","N"
"2019","99970440000067250","N","N"
"2019","99970440000092450","N","N"
"2019","99970440000129800","N","N"
"2019","99970440000165150","N","N"
"2019","99970440000165250","N","N"
"2019","99970770000111800","N","N"
"2019","99970770000201900","N","N"
"2019","99970770000220150","N","N"
"2019","99971150000001000","N","N"
"2019","99971150000095200","N","N"
"2019","99971150000095250","N","N"
"2019","99971150000096250","N","N"
"2019","99971150000107700","N","N"
"2019","99971150000177800","N","N"
"2019","99971150000178700","N","N"
"2019","99971150000180900","N","N"
"2019","99971150000187600","N","N"
"2019","99972050000004650","N","N"
"2019","99972050000051200","N","N"
"2019","99972050000051750","N","N"
"2019","99972050000053750","N","N"
"2019","99972050000078900","N","N"
"2019","99972050000081900","N","N"
"2019","99972050000100200","N","N"
"2019","99972050000113050","N","N"
"2019","99972050000167500","N","N"
"2019","99972050000194200","N","N"
"2019","99972050000198450","N","N"
"2019","99972800000008800","N","N"
"2019","99972800000073650","N","N"
"2019","99972800000088300","N","N"
"2019","99972800000088450","N","N"
"2019","99972800000108900","N","N"
"2019","99972800000157450","N","N"
"2019","99972800000172250","N","N"
"2019","99972800000180100","N","N"
"2019","99972800000191750","N","N"
"2019","99972800000216650","N","N"
"2019","99972800000226700","N","N"
"2019","99973350000024000","N","N"
"2019","99973350000053600","N","N"
"2019","99973350000082300","N","N"
"2019","99973350000082400","N","N"
"2019","99973350000086100","N","N"
"2019","99973350000102350","N","N"
"2019","99973350000122900","N","N"
"2019","99973350000191600","N","N"
"2019","99973350000200350","N","N"
"2019","99980280000088500","N","N"
"2019","99980280000135250","N","N"
"2019","99980280000151450","N","N"
"2019","99980280000171300","N","N"
"2019","99980280000172750","N","N"
"2019","99980280000220500","N","N"
"2019","99980280000220650","N","N"
"2019","99980280000221650","N","N"
"2019","99980280000231400","N","N"
"2019","99980280000231500","N","N"
"2019","99980280000236950","N","N"
"2019","99980370000134800","N","N"
"2019","99980370000176000","N","N"
"2019","99980370000177250","N","N"
"2019","99980370000228900","N","N"
"2019","99982160000027300","N","N"
"2019","99982160000056750","N","N"
"2019","99982160000088900","N","N"
"2019","99982160000089100","N","N"
"2019","99982160000103300","N","N"
"2019","99982160000132100","N","N"
"2019","99982160000173150","N","N"
"2019","99982160000193000","N","N"
"2019","99982160000217900","N","N"
"2019","99982160000218300","N","N"
"2019","99982160000228400","N","N"
"2019","99982600000001300","N","N"
"2019","99982600000001350","N","N"
"2019","99982600000005300","N","N"
"2019","99982600000010750","N","N"
"2019","99982600000014750","N","N"
"2019","99982600000031650","N","N"
"2019","99982600000060150","N","N"
"2019","99982600000060200","N","N"
"2019","99982600000079050","N","N"
"2019","99982600000079100","N","N"
"2019","99982600000100000","N","N"
"2019","99982600000100450","N","N"
"2019","99982600000100600","N","N"
"2019","99982600000130150","N","N"
"2019","99982600000184950","N","N"
"2019","99982600000185200","N","N"
"2019","99982600000190200","N","N"
"2019","99982600000192350","N","N"
"2019","99982600000192600","N","N"
"2019","99982600000199550","Y","N"
"2019","99982600000212700","N","N"
"2019","99982600000230000","N","N"
"2019","99982600000230200","N","N"
"2019","99983420000001450","N","N"
"2019","99983420000097900","N","N"
"2019","99983420000154000","N","N"
"2019","99983420000157800","N","N"
"2019","99983420000167600","N","N"
"2019","99983420000176050","N","N"
"2019","99983420000190550","N","N"
"2019","99983420000227700","N","N"
"2019","99983420000232150","N","N"
"2019","99983420000233200","N","N"
"2019","99990220000030600","N","N"
"2019","99990220000031000","N","N"
"2019","99990220000044700","N","N"
"2019","99990220000140050","N","N"
"2019","99990220000193550","N","N"
"2019","99990220000222650","N","N"
"2019","99990220000222750","N","N"
"2019","99990610000011600","N","N"
"2019","99990610000040850","N","N"
"2019","99990910000030750","N","N"
"2019","99990910000099800","N","N"
"2019","99990910000124400","N","N"
"2019","99990910000124850","N","N"
"2019","99990910000145900","N","N"
"2019","99992020000013250","N","N"
"2019","99992020000013350","N","N"
"2019","99992170000015650","N","N"
"2019","99992310000017900","N","N"
"2019","99992310000051550","N","N"
"2019","99992310000088450","N","N"
"2019","99992310000106600","N","N"
"2019","99992310000140250","N","N"
"2019","99992310000177950","N","N"
"2019","99992310000208350","N","N"
"2019","99992310000214450","N","N"
"2019","99992310000221250","N","N"
"2019","99992310000246900","N","N"
"2019","99000000216484100","N","N"
"2019","99000000216492650","N","N"
"2019","99000000216494400","N","N"
"2019","99000000216495850","N","N"
"2019","99000000216509700","N","N"
"2019","99000000216515450","N","N"
"2019","99000000216517650","N","N"
"2019","99000000216520900","N","N"
"2019","99000000216537600","N","N"
"2019","99000000216539800","N","N"
"2019","99000000216546600","N","N"
"2019","99000000216552100","N","N"
"2019","99000000216647650","N","N"
"2019","99000000216664850","N","N"
"2019","99000000216666650","N","N"
"2019","99000000216681550","N","N"
"2019","99000000216749450","N","N"
"2019","99000000216752050","N","N"
"2019","99000000216769200","N","N"
"2019","99000000216781300","N","N"
"2019","99000000216783550","N","N"
"2019","99000000216790700","N","N"
"2019","99000000216792400","N","N"
"2019","99000000216811600","N","N"
"2019","99000000216820300","N","N"
"2019","99000000216834750","N","N"
"2019","99000000216840150","N","N"
"2019","99000000216858200","N","N"
"2019","99000000216858950","N","N"
"2019","99000000216862800","N","N"
"2019","99000000216863800","N","N"
"2019","99000000216865900","N","N"
"2019","99000000216888800","N","N"
"2019","99000000216892500","N","N"
"2019","99000000216903600","N","N"
"2019","99000000216913500","N","N"
"2019","99000000216914950","N","N"
"2019","99000000216922600","N","N"
"2019","99000000216933800","N","N"
"2019","99000000216935600","N","N"
"2019","99000000216950750","N","N"
"2019","99000000217004900","N","N"
"2019","99000000217013000","N","N"
"2019","99030306111515460","N","N"
"2019","99030313084004640","N","N"
"2019","99030318094104640","N","N"
"2019","99030318111510600","N","N"
"2019","99030318143110600","N","N"
"2019","99030408063104640","N","N"
"2019","99030417145218510","N","N"
"2019","99030417151418510","N","N"
"2019","99030501195600525","N","N"
"2019","99030512105523472","N","N"
"2019","99030512144500525","N","N"
"2019","99030513092810600","N","N"
"2019","99030513123223472","N","N"
"2019","99030825160819751","N","N"
"2019","99030916093117201","N","N"
"2019","99050330630000000","N","N"
"2019","99050407300000000","N","N"
"2019","99050504360000000","N","N"
"2019","99050505360000000","N","N"
"2019","99050509580000000","N","N"
"2019","99050510154000000","N","N"
"2019","99050512217000000","N","N"
"2019","99050512430000000","N","N"
"2019","99050523400000000","N","N"
"2019","99050525264000000","N","N"
"2019","99050525410000000","N","N"
"2019","99050525630000000","N","N"
"2019","99050531500000000","N","N"
"2019","99050601580000000","N","N"
"2019","99050706400000000","N","N"
"2019","99050829105000000","N","N"
"2019","99050830240000000","N","N"
"2019","99050913240000000","N","N"
"2019","99050915170000000","N","N"
"2019","99050922650000000","N","N"
"2019","99051004280000000","N","N"
"2019","99051020400000000","N","N"
"2019","99051027102000000","N","N"
"2019","99051109500000000","N","N"
"2019","99051115300000000","N","N"
"2019","99051206170000000","N","N"
"2019","99060116920000000","N","N"
"2019","99060119510000000","N","N"
"2019","99060131410000000","N","N"
"2019","99060206560000000","N","N"
"2019","99060209149000000","N","N"
"2019","99060213310000000","N","N"
"2019","99060214710000000","N","N"
"2019","99060215260000000","N","N"
"2019","99060221330000000","N","N"
"2019","99060227110000000","N","N"
"2019","99060302440000000","N","N"
"2019","99060302930000000","N","N"
"2019","99060306690000000","N","N"
"2019","99060410930000000","N","N"
"2019","99060427900000000","N","N"
"2019","99060505110000000","N","N"
"2019","99060505160000000","N","N"
"2019","99060508350000000","N","N"
"2019","99060508720000000","N","N"
"2019","99060509340000000","N","N"
"2019","99060515760000000","N","N"
"2019","99060519260000000","N","N"
"2019","99060605210000000","N","N"
"2019","99060606120000000","N","N"
"2019","99060608600000000","N","N"
"2019","99060613840000000","N","N"
"2019","99060615240000000","N","N"
"2019","99060705120000000","N","N"
"2019","99060905400000000","Y","N"
"2019","99060914240000000","N","N"
"2019","99060921260000000","N","N"
"2019","99060925220000000","N","N"
"2019","99061002700000000","N","N"
"2019","99061010280000000","N","N"
"2019","99061012910000000","N","N"
"2019","99061030450000000","N","N"
"2019","99061031370000000","N","N"
"2019","99061106160000000","N","N"
"2019","99061107660000000","N","N"
"2019","99061114230000000","N","N"
"2019","99061120230000000","N","N"
"2019","99061212270000000","N","N"
"2019","99070116300000000","N","N"
"2019","99070121300000000","N","N"
"2019","99070123550000000","N","N"
"2019","99070125500000000","N","N"
"2019","99070208730000000","N","N"
"2019","99070219210000000","N","N"
"2019","99070219290000000","N","N"
"2019","99070227400000000","N","N"
"2019","99070305600000000","N","N"
"2019","99070321260000000","N","N"
"2019","99070321310000000","N","N"
"2019","99070321340000000","N","N"
"2019","99070402380000000","N","N"
"2019","99070403340000000","N","N"
"2019","99070405690000000","N","N"
"2019","99070409570000000","N","N"
"2019","99070410110000000","N","N"
"2019","99070410930000000","N","N"
"2019","99070411710000000","N","N"
"2019","99070411950000000","N","N"
"2019","99070412520000000","N","N"
"2019","99070412930000000","N","N"
"2019","99070417980000000","N","N"
"2019","99070426112000000","N","N"
"2019","99070426660000000","N","N"
"2019","99070426680000000","N","N"
"2019","99070426710000000","N","N"
"2019","99070426720000000","N","N"
"2019","99070426810000000","N","N"
"2019","99070426830000000","N","N"
"2019","99070426920000000","N","N"
"2019","99070426950000000","N","N"
"2019","99070427100000000","N","N"
"2019","99070501183000000","N","N"
"2019","99070501191000000","N","N"
"2019","99070501206000000","N","N"
"2019","99070503700000000","N","N"
"2019","99070515630000000","N","N"
"2019","99070516260000000","N","N"
"2019","99070524136000000","N","N"
"2019","99070524146000000","N","N"
"2019","99070524190000000","N","N"
"2019","99070525750000000","N","N"
"2019","99070530220000000","N","N"
"2019","99070601270000000","N","N"
"2019","99070604360000000","N","N"
"2019","99070814200000000","N","N"
"2019","99070820580000000","N","N"
"2019","99070919140000000","N","N"
"2019","99070925280000000","N","N"
"2019","99071002380000000","N","N"
"2019","99071003280000000","N","N"
"2019","99071008310000000","N","N"
"2019","99071009180000000","N","N"
"2019","99071009240000000","N","N"
"2019","99071010240000000","N","N"
"2019","99071010920000000","N","N"
"2019","99071022300000000","N","N"
"2019","99071031770000000","N","N"
"2019","99071119520000000","N","N"
"2019","99071121230000000","N","N"
"2019","99071127360000000","N","N"
"2019","99071203760000000","N","N"
"2019","99071204620000000","N","N"
"2019","99071204640000000","N","N"
"2019","99071205460000000","N","N"
"2019","99071205560000000","N","N"
"2019","99071206150000000","N","N"
"2019","99071206180000000","N","N"
"2019","99071206250000000","N","N"
"2019","99071210330000000","N","N"
"2019","99071213120000000","N","N"
"2019","99071218100000000","N","N"
"2019","99071220570000000","N","N"
"2019","99071220740000000","N","N"
"2019","99080103170000000","N","N"
"2019","99080103400000000","N","N"
"2019","99080107730000000","N","N"
"2019","99080109121000000","N","N"
"2019","99080109125000000","N","N"
"2019","99080109240000000","N","N"
"2019","99080118100000000","N","N"
"2019","99080131700000000","N","N"
"2019","99080205270000000","N","N"
"2019","99080207170000000","N","N"
"2019","99080212110000000","N","N"
"2019","99080213700000000","N","N"
"2019","99080227170000000","N","N"
"2019","99080312100000000","N","N"
"2019","99080319140000000","N","N"
"2019","99080403140000000","N","N"
"2019","99080403211000000","N","N"
"2019","99080403980000000","N","N"
"2019","99080423129000000","N","N"
"2019","99080424860000000","N","N"
"2019","99080506940000000","N","N"
"2019","99080513900000000","N","N"
"2019","99080514220000000","N","N"
"2019","99080515110000000","N","N"
"2019","99080515900000000","Y","N"
"2019","99080520270000000","N","N"
"2019","99080520280000000","N","N"
"2019","99080521500000000","N","N"
"2019","99080521700000000","N","N"
"2019","99080522600000000","N","N"
"2019","99080604190000000","Y","N"
"2019","99080605200000000","N","N"
"2019","99080606520000000","N","N"
"2019","99080613130000000","N","N"
"2019","99080825800000000","N","N"
"2019","99080922106000000","N","N"
"2019","99080924500000000","N","N"
"2019","99080924640000000","N","N"
"2019","99081001290000000","N","N"
"2019","99081001420000000","N","N"
"2019","99081008170000000","N","N"
"2019","99081013105000000","N","N"
"2019","99081013107000000","N","N"
"2019","99081015760000000","N","N"
"2019","99081022370000000","N","N"
"2019","99081022450000000","N","N"
"2019","99081030540000000","N","N"
"2019","99081119121000000","N","N"
"2019","99081124102000000","N","N"
"2019","99081124126000000","N","N"
"2019","99081201410000000","N","N"
"2019","99081202700000000","N","N"
"2019","99081204740000000","N","N"
"2019","99081204760000000","N","N"
"2019","99081210530000000","N","N"
"2019","99081215290000000","N","N"
"2019","99090113300000000","N","N"
"2019","99090127150000000","N","N"
"2019","99090311360000000","N","N"
"2019","99090330131000000","N","N"
"2019","99090331143000000","N","N"
"2019","99090406112000000","N","N"
"2019","99090406208000000","N","N"
"2019","99090407172000000","N","N"
"2019","99090409560000000","N","N"
"2019","99090414390000000","N","N"
"2019","99090415270000000","N","N"
"2019","99090424300000000","N","N"
"2019","99090512105000000","N","N"
"2019","99090512950000000","N","N"
"2019","99090512990000000","N","N"
"2019","99090513590000000","N","N"
"2019","99090513900000000","N","N"
"2019","99090518150000000","N","N"
"2019","99090519700000000","Y","N"
"2019","99090806980000000","N","N"
"2019","99090826270000000","N","N"
"2019","99090827130000000","N","N"
"2019","99090930610000000","N","N"
"2019","99091027390000000","N","N"
"2019","99091112120000000","N","N"
"2019","99091123320000000","N","N"
"2019","99091125120000000","N","N"
"2019","99091217192000000","N","N"
"2019","99091223140000000","N","N"
"2019","99091228200000000","N","N"
"2019","99100106350000000","N","N"
"2019","99100106510000000","N","N"
"2019","99100114300000000","N","N"
"2019","99100210600000000","N","N"
"2019","99100215200000000","N","N"
"2019","99100216160000000","N","N"
"2019","99100222280000000","N","N"
"2019","99100316580000000","N","N"
"2019","99100330220000000","N","N"
"2019","99100330540000000","N","N"
"2019","99100405102000000","N","N"
"2019","99100405910000000","N","N"
"2019","99100405930000000","N","N"
"2019","99100405950000000","N","N"
"2019","99100407100000000","N","N"
"2019","99100407410000000","N","N"
"2019","99100413330000000","N","N"
"2019","99100414690000000","N","N"
"2019","99100415150000000","N","N"
"2019","99100415230000000","N","N"
"2019","99100420220000000","N","N"
"2019","99100422250000000","N","N"
"2019","99100429480000000","N","N"
"2019","99100429710000000","N","N"
"2019","99100430150000000","N","N"
"2019","99100503135000000","Y","N"
"2019","99100503250000000","Y","N"
"2019","99100503800000000","N","N"
"2019","99100505220000000","N","N"
"2019","99100505410000000","N","N"
"2019","99100511270000000","N","N"
"2019","99100513130000000","N","N"
"2019","99100520130000000","N","N"
"2019","99100521480000000","N","N"
"2019","99100521630000000","N","N"
"2019","99100528300000000","N","N"
"2019","99100728101000000","N","N"
"2019","99100810330000000","N","N"
"2019","99100901610000000","N","N"
"2019","99100928260000000","N","N"
"2019","99100928400000000","N","N"
"2019","99100929760000000","N","N"
"2019","99101025780000000","N","N"
"2019","99101026200000000","N","N"
"2019","99101028160000000","N","N"
"2019","99101101110000000","N","N"
"2019","99101108101000000","N","N"
"2019","99101115630000000","N","N"
"2019","99101117490000000","N","N"
"2019","99101130400000000","N","N"
"2019","99101216310000000","N","N"
"2019","99101216370000000","N","N"
"2019","99110104100000000","N","N"
"2019","99110125270000000","N","N"
"2019","99110216180000000","N","N"
"2019","99110221300000000","N","N"
"2019","99110309107000000","N","N"
"2019","99110309430000000","N","N"
"2019","99110310620000000","N","N"
"2019","99110321106000000","N","N"
"2019","99110321970000000","N","N"
"2019","99110328170000000","N","N"
"2019","99110329147000000","N","N"
"2019","99110329151000000","N","N"
"2019","99110329152000000","N","N"
"2019","99110329980000000","N","N"
"2019","99110330610000000","N","N"
"2019","99110404590000000","N","N"
"2019","99110412163000000","N","N"
"2019","99110420290000000","N","N"
"2019","99110421900000000","N","N"
"2019","99110425200000000","N","N"
"2019","99110427900000000","N","N"
"2019","99110504120000000","N","N"
"2019","99110504160000000","N","N"
"2019","99110504210000000","N","N"
"2019","99110509320000000","N","N"
"2019","99110509390000000","N","N"
"2019","99110510190000000","N","N"
"2019","99110512300000000","N","N"
"2019","99110517150000000","N","N"
"2019","99110518600000000","N","N"
"2019","99110519200000000","N","N"
"2019","99110519590000000","N","N"
"2019","99110622100000000","N","N"
"2019","99110623200000000","N","N"
"2019","99110726103000000","N","N"
"2019","99110727350000000","N","N"
"2019","99110824790000000","N","N"
"2019","99110824810000000","N","N"
"2019","99110825600000000","N","N"
"2019","99110914920000000","N","N"
"2019","99110920470000000","N","N"
"2019","99111010910000000","N","N"
"2019","99111017510000000","N","N"
"2019","99111019310000000","N","N"
"2019","99111020230000000","N","N"
"2019","99111030100000000","N","N"
"2019","99111116142000000","N","N"
"2019","99111121560000000","N","N"
"2019","99111205560000000","N","N"
"2019","99111208100000000","N","N"
"2019","99111214800000000","N","N"
"2019","99111215930000000","N","N"
"2019","99111219102000000","N","N"
"2019","99111219530000000","N","N"
"2019","99120104600000000","N","N"
"2019","99120124400000000","N","N"
"2019","99120201560000000","N","N"
"2019","99120206150000000","N","N"
"2019","99120207790000000","N","N"
"2019","99120220120000000","N","N"
"2019","99120220150000000","N","N"
"2019","99120221410000000","Y","N"
"2019","99120221520000000","N","N"
"2019","99120222390000000","N","N"
"2019","99120305800000000","N","N"
"2019","99120320470000000","N","N"
"2019","99120321780000000","N","N"
"2019","99120326210000000","N","N"
"2019","99120327152000000","N","N"
"2019","99120327380000000","N","N"
"2019","99120329360000000","N","N"
"2019","99120329510000000","N","N"
"2019","99120329520000000","N","N"
"2019","99120402230000000","N","N"
"2019","99120404300000000","N","N"
"2019","99120410580000000","N","N"
"2019","99120416250000000","N","N"
"2019","99120417230000000","N","N"
"2019","99120418490000000","N","N"
"2019","99120418510000000","N","N"
"2019","99120418900000000","N","N"
"2019","99120419230000000","N","N"
"2019","99120423380000000","N","N"
"2019","99120424100000000","N","N"
"2019","99120424600000000","N","N"
"2019","99120427700000000","N","N"
"2019","99120427900000000","N","N"
"2019","99120503240000000","N","N"
"2019","99120507230000000","N","N"
"2019","99120507250000000","N","N"
"2019","99120507300000000","N","N"
"2019","99120508270000000","N","N"
"2019","99120508280000000","N","N"
"2019","99120508310000000","N","N"
"2019","99120508320000000","N","N"
"2019","99120508330000000","N","N"
"2019","99120508340000000","N","N"
"2019","99120508380000000","N","N"
"2019","99120731930000000","N","N"
"2019","99120821460000000","N","N"
"2019","99120823260000000","N","N"
"2019","99120911490000000","N","N"
"2019","99121003101000000","N","N"
"2019","99121022330000000","N","N"
"2019","99121029340000000","N","N"
"2019","99121031410000000","N","N"
"2019","99121112100000000","N","N"
"2019","99121114116000000","N","N"
"2019","99121127200000000","N","N"
"2019","99121210880000000","N","N"
"2019","99121212230000000","N","N"
"2019","99121213400000000","N","N"
"2019","99121219940000000","N","N"
"2019","99130103500000000","N","N"
"2019","99130108600000000","N","N"
"2019","99130109900000000","N","N"
"2019","99130122380000000","N","N"
"2019","99130124330000000","N","N"
"2019","99130130610000000","N","N"
"2019","99130211440000000","N","N"
"2019","99130213430000000","N","N"
"2019","99130325270000000","N","N"
"2019","99130401130000000","N","N"
"2019","99130409210000000","N","N"
"2019","99130410108000000","N","N"
"2019","99130415550000000","N","N"
"2019","99130418150000000","N","N"
"2019","99130418600000000","N","N"
"2019","99130419500000000","N","N"
"2019","99130422110000000","N","N"
"2019","99130425170000000","N","N"
"2019","99130425190000000","N","N"
"2019","99130425200000000","N","N"
"2019","99130426300000000","N","N"
"2019","99130502110000000","N","N"
"2019","99130507400000000","N","N"
"2019","99130507700000000","N","N"
"2019","99130508120000000","N","N"
"2019","99130508200000000","N","N"
"2019","99130509170000000","N","N"
"2019","99130514111000000","N","N"
"2019","99130514167000000","N","N"
"2019","99130514420000000","N","N"
"2019","99130520900000000","N","N"
"2019","99130523250000000","N","N"
"2019","99130909530000000","N","N"
"2019","99130911630000000","N","N"
"2019","99131001110000000","N","N"
"2019","99131007600000000","N","N"
"2019","99131021300000000","N","N"
"2019","99131022110000000","N","N"
"2019","99131024470000000","N","N"
"2019","99131028112000000","N","N"
"2019","99131028420000000","N","N"
"2019","99131030860000000","N","N"
"2019","99131111131000000","N","N"
"2019","99131112800000000","N","N"
"2019","99131125130000000","N","N"
"2019","99131203430000000","N","N"
"2019","99131210150000000","N","N"
"2019","99131210450000000","N","N"
"2019","99131210570000000","N","N"
"2019","99131210580000000","N","N"
"2019","99140107330000000","N","N"
"2019","99140114230000000","N","N"
"2019","99140115750000000","N","N"
"2019","99140129180000000","N","N"
"2019","99140130210000000","N","N"
"2019","99140130680000000","N","N"
"2019","99140205430000000","N","N"
"2019","99140217350000000","N","N"
"2019","99140217700000000","N","N"
"2019","99140317300000000","N","N"
"2019","99140320600000000","N","N"
"2019","99140401450000000","N","N"
"2019","99140408110000000","N","N"
"2019","99140408800000000","N","N"
"2019","99140408810000000","N","N"
"2019","99140409153000000","N","N"
"2019","99140409155000000","N","N"
"2019","99140409156000000","N","N"
"2019","99140409840000000","N","N"
"2019","99140410730000000","N","N"
"2019","99140414150000000","N","N"
"2019","99140414250000000","N","N"
"2019","99140415830000000","N","N"
"2019","99140416300000000","N","N"
"2019","99140416700000000","N","N"
"2019","99140417650000000","N","N"
"2019","99140417740000000","N","N"
"2019","99140421340000000","N","N"
"2019","99140421430000000","N","N"
"2019","99140422300000000","N","N"
"2019","99140422410000000","Y","N"
"2019","99140423130000000","N","N"
"2019","99140423190000000","N","N"
"2019","99140423280000000","N","N"
"2019","99140423380000000","N","N"
"2019","99140423500000000","N","N"
"2019","99140424310000000","N","N"
"2019","99140424600000000","N","N"
"2019","99140424800000000","N","N"
"2019","99140428130000000","N","N"
"2019","99140428970000000","N","N"
"2019","99140430220000000","N","N"
"2019","99140502210000000","N","N"
"2019","99140505370000000","N","N"
"2019","99140506100000000","N","N"
"2019","99140506310000000","N","N"
"2019","99140507250000000","N","N"
"2019","99140507430000000","N","N"
"2019","99140507520000000","N","N"
"2019","99140507640000000","N","N"
"2019","99140508630000000","N","N"
"2019","99140512500000000","N","N"
"2019","99140514360000000","N","N"
"2019","99140514390000000","N","N"
"2019","99140522230000000","N","N"
"2019","99140602200000000","N","N"
"2019","99140605100000000","N","N"
"2019","99140609100000000","N","N"
"2019","99140729330000000","N","N"
"2019","99140813410000000","N","N"
"2019","99140909120000000","N","N"
"2019","99140915180000000","N","N"
"2019","99141015470000000","N","N"
"2019","99141016280000000","N","N"
"2019","99141020130000000","N","N"
"2019","99141020780000000","N","N"
"2019","99141021370000000","N","N"
"2019","99141022340000000","N","N"
"2019","99141111210000000","N","N"
"2019","99141111600000000","N","N"
"2019","99141112450000000","N","N"
"2019","99141113180000000","N","N"
"2019","99141117140000000","N","N"
"2019","99141117180000000","Y","N"
"2019","99141118110000000","N","N"
"2019","99141124650000000","N","N"
"2019","99141211600000000","N","N"
"2019","99141211660000000","N","N"
"2019","99141217200000000","N","N"
"2019","99141231500000000","N","N"
"2019","99150106420000000","N","N"
"2019","99150108210000000","N","N"
"2019","99150111400000000","N","N"
"2019","99150112780000000","N","N"
"2019","99150113270000000","N","N"
"2019","99150115160000000","N","N"
"2019","99150121330000000","N","N"
"2019","99150128240000000","N","N"
"2019","99150128310000000","N","N"
"2019","99150128850000000","N","N"
"2019","99150129240000000","N","N"
"2019","99150204140000000","N","N"
"2019","99150204770000000","N","N"
"2019","99150212580000000","N","N"
"2019","99150212610000000","N","N"
"2019","99150216240000000","N","N"
"2019","99150218580000000","N","N"
"2019","99150302530000000","N","N"
"2019","99150304290000000","N","N"
"2019","99150317290000000","N","N"
"2019","99150323103000000","N","N"
"2019","99150323132000000","N","N"
"2019","99150323142000000","N","N"
"2019","99150323360000000","N","N"
"2019","99150324560000000","N","N"
"2019","99150324620000000","N","N"
"2019","99150325173000000","N","N"
"2019","99150326220000000","N","N"
"2019","99150326380000000","N","N"
"2019","99150402480000000","N","N"
"2019","99150407154000000","N","N"
"2019","99150407166000000","N","N"
"2019","99150408101000000","N","N"
