"ACCOUNT_NUM","APPRAISAL_YR","TAX_OBJ_ID"
"00000100039000100","2019","00000100039000100"
"00000100240000000","2019","00000100240000000"
"00000100321000000","2019","00000100321000000"
"00000100445000100","2019","00000100445000100"
"00000100570000000","2019","00000100570000001"
"00000100570000000","2019","00000100570000000"
"00000100807100000","2019","00000100807100000"
"00000101221000000","2019","00000101221000000"
"00000101434000000","2019","00000101434000000"
"00000101791000000","2019","00000101791000000"
"00000311710000000","2019","00000311710000000"
"00000311728000000","2019","00000311728000000"
"00000311791000000","2019","00000311791000000"
"00000311839000000","2019","00000311839000000"
"00000311881000000","2019","00000311881000000"
"00000311896000000","2019","00000311896000000"
"00000311926000000","2019","00000311926000000"
"00000311956000000","2019","00000311956000000"
"00000312019000000","2019","00000312019000000"
"00000312031000000","2019","00000312031000000"
"00000312037000000","2019","00000312037000000"
"00000312067000000","2019","00000312067000000"
"00000312199000000","2019","00000312199000000"
"00000312205000000","2019","00000312205000000"
"00000312226000000","2019","00000312226000000"
"00000212861060000","2019","00000212861060000"
"00000212861140000","2019","00000212861140000"
"00000212861220000","2019","00000212861220000"
"00000212861700000","2019","00000212861700000"
"00000212871000000","2019","00000212871000000"
"00000212872360000","2019","00000212872360000"
"00000212872680000","2019","00000212872680000"
"00000212873080000","2019","00000212873080000"
"00000212873420000","2019","00000212873420000"
"00000212873960000","2019","00000212873960000"
"00000212874060000","2019","00000212874060000"
"00000212875160000","2019","00000212875160000"
"00000212876300000","2019","00000212876300000"
"00000212905000000","2019","00000212905000000"
"00000212938000000","2019","00000212938000000"
"00000212959000000","2019","00000212959000000"
"00000212965000000","2019","00000212965000000"
"00000213079000000","2019","00000213079000000"
"00000213262000000","2019","00000213262000000"
"00000213409000000","2019","00000213409000000"
"00000213484000000","2019","00000213484000000"
"00000101806000000","2019","00000101806000000"
"00000101950000000","2019","00000101950000000"
"00000101959000000","2019","00000101959000000"
"00000102061000000","2019","00000102061000000"
"00000102070000000","2019","00000102070000000"
"00000102268000000","2019","00000102268000000"
"00000102406000000","2019","00000102406000000"
"00000102538000000","2019","00000102538000000"
"00000102541000000","2019","00000102541000000"
"00000102562000000","2019","00000102562000000"
"00000102706000000","2019","00000102706000000"
"00000102886000000","2019","00000102886000000"
"00000102892000000","2019","00000102892000000"
"00000103441000000","2019","00000103441000000"
"00000103606000000","2019","00000103606000000"
"00000103621000000","2019","00000103621000000"
"00000103690000000","2019","00000103690000000"
"00000103714000000","2019","00000103714000000"
"00000103984000000","2019","00000103984000000"
"00000104047000000","2019","00000104047000000"
"00000104203000000","2019","00000104203000000"
"00000104209000000","2019","00000104209000000"
"00000104260000000","2019","00000104260000000"
"00000104269000100","2019","00000104269000100"
"00000104302000000","2019","00000104302000001"
"00000104302000000","2019","00000104302000000"
"00000104386000000","2019","00000104386000000"
"00000104398000100","2019","00000104398000100"
"00000104446000000","2019","00000104446000000"
"00000104503000000","2019","00000104503000000"
"00000104650000000","2019","00000104650000000"
"00000104872000000","2019","00000104872000000"
"00000104926000000","2019","00000104926000000"
"00000105031000000","2019","00000105031000000"
"00000105178009900","2019","00000105178009900"
"00000105241000000","2019","00000105241000000"
"00000105486000000","2019","00000105486000000"
"00000105646000000","2019","00000105646000000"
"00000105784000000","2019","00000105784000000"
"00000105838000000","2019","00000105838000000"
"00000105922000000","2019","00000105922000000"
"00000106030000000","2019","00000106030000000"
"00000106129000000","2019","00000106129000000"
"00000106135000000","2019","00000106135000000"
"00000106153000000","2019","00000106153000000"
"00000106189200000","2019","00000106189200001"
"00000106189200000","2019","00000106189200000"
"00000106348000000","2019","00000106348000000"
"00000106360000000","2019","00000106360000000"
"00000107473000000","2019","00000107473000000"
"00000107671000000","2019","00000107671000000"
"00000107680200000","2019","00000107680200000"
"00000107680260000","2019","00000107680260000"
"00000107682000000","2019","00000107682000000"
"00000107682520000","2019","00000107682520000"
"00000107682540000","2019","00000107682540000"
"00000107686440000","2019","00000107686440000"
"00000107687000000","2019","00000107687000000"
"00000107687120000","2019","00000107687120000"
"00000107687140000","2019","00000107687140000"
"00000107688440000","2019","00000107688440000"
"00000107713500000","2019","00000107713500000"
"00000107845009900","2019","00000107845009900"
"00000107998000000","2019","00000107998000000"
"00000108643000100","2019","00000108643000100"
"00000108724000000","2019","00000108724000000"
"00000108802000000","2019","00000108802000001"
"00000108802000000","2019","00000108802000002"
"00000108802000000","2019","00000108802000003"
"00000108802000000","2019","00000108802000004"
"00000108802000000","2019","00000108802000000"
"00000108973000000","2019","00000108973000000"
"00000108988000000","2019","00000108988000000"
"00000108991000000","2019","00000108991000000"
"00000109021000000","2019","00000109021000000"
"00000109179000000","2019","00000109179000000"
"00000109627000000","2019","00000109627000000"
"00000109657000000","2019","00000109657000001"
"00000109657000000","2019","00000109657000002"
"00000109657000000","2019","00000109657000000"
"00000109912000000","2019","00000109912000000"
"00000109933000000","2019","00000109933000000"
"00000110038000000","2019","00000110038000000"
"00000110053000000","2019","00000110053000000"
"00000110173000000","2019","00000110173000000"
"00000110257000000","2019","00000110257000000"
"00000110518000000","2019","00000110518000000"
"00000110578000000","2019","00000110578000001"
"00000110578000000","2019","00000110578000000"
"00000110626000000","2019","00000110626000000"
"00000110653000000","2019","00000110653000000"
"00000110662000000","2019","00000110662000000"
"00000110712759700","2019","00000110712759700"
"00000110890000000","2019","00000110890000001"
"00000110890000000","2019","00000110890000000"
"00000111001000000","2019","00000111001000000"
"00000111040000000","2019","00000111040000000"
"00000111160000000","2019","00000111160000000"
"00000111238000000","2019","00000111238000000"
"00000111256000000","2019","00000111256000000"
"00000111328000000","2019","00000111328000000"
"00000111676140000","2019","00000111676140000"
"00000111679000000","2019","00000111679000000"
"00000111742250000","2019","00000111742250000"
"00000112039000000","2019","00000112039000000"
"00000112153000000","2019","00000112153000000"
"00000112372000000","2019","00000112372000000"
"00000112393000000","2019","00000112393000000"
"00000112636000300","2019","00000112636000300"
"00000113212000000","2019","00000113212000001"
"00000113212000000","2019","00000113212000000"
"00000113233000000","2019","00000113233000000"
"00000113290000000","2019","00000113290000000"
"00000113293000000","2019","00000113293000000"
"00000114427000100","2019","00000114427000100"
"00000114655000000","2019","00000114655000000"
"00000114946000000","2019","00000114946000000"
"00000115069000000","2019","00000115069000000"
"00000115099000000","2019","00000115099000000"
"00000115111000000","2019","00000115111000000"
"00000115339000000","2019","00000115339000000"
"00000115417000000","2019","00000115417000000"
"00000115426000000","2019","00000115426000000"
"00000115720000000","2019","00000115720000000"
"00000115723000000","2019","00000115723000000"
"00000115795000000","2019","00000115795000000"
"00000115798000000","2019","00000115798000000"
"00000115915000000","2019","00000115915000000"
"00000117088000000","2019","00000117088000000"
"00000117101000000","2019","00000117101000000"
"00000117121000000","2019","00000117121000001"
"00000117121000000","2019","00000117121000000"
"00000117154000000","2019","00000117154000000"
"00000117604000000","2019","00000117604000000"
"00000117736000000","2019","00000117736000000"
"00000117745000000","2019","00000117745000000"
"00000117949000000","2019","00000117949000000"
"00000118345000000","2019","00000118345000000"
"00000118351000000","2019","00000118351000000"
"00000118570000000","2019","00000118570000000"
"00000118582000000","2019","00000118582000000"
"00000118627000000","2019","00000118627000000"
"00000118642000000","2019","00000118642000000"
"00000118723000100","2019","00000118723000100"
"00000118930000000","2019","00000118930000000"
"00000402142000100","2019","00000402142000100"
"00000402180000000","2019","00000402180000000"
"00000402235000000","2019","00000402235000000"
"00000402259000000","2019","00000402259000000"
"00000402265000000","2019","00000402265000000"
"00000402277000000","2019","00000402277000000"
"00000402298000000","2019","00000402298000000"
"00000402331000000","2019","00000402331000000"
"00000402439000000","2019","00000402439000000"
"00000402475000000","2019","00000402475000000"
"00000402496000000","2019","00000402496000000"
"00000402532000000","2019","00000402532000000"
"00000402544000000","2019","00000402544000000"
"00000402592000000","2019","00000402592000000"
"00000402595000000","2019","00000402595000000"
"00000402631000000","2019","00000402631000000"
"00000402643000000","2019","00000402643000000"
"00000402649000000","2019","00000402649000000"
"00000402685000000","2019","00000402685000000"
"00000402688000000","2019","00000402688000000"
"00000402709000000","2019","00000402709000000"
"00000402715000000","2019","00000402715000000"
"00000402727000000","2019","00000402727000000"
"00000402787000000","2019","00000402787000000"
"00000402829000000","2019","00000402829000000"
"00000402931000000","2019","00000402931000000"
"00000403046100000","2019","00000403046100000"
"00000403047000000","2019","00000403047000000"
"00000403065320000","2019","00000403065320000"
"00000403067000000","2019","00000403067000000"
"00000403067020000","2019","00000403067020000"
"00000403067200000","2019","00000403067200000"
"00000403067420000","2019","00000403067420000"
"00000403068220000","2019","00000403068220000"
"00000403087000000","2019","00000403087000000"
"00000403117000000","2019","00000403117000000"
"00000403156000000","2019","00000403156000000"
"00000403180000000","2019","00000403180000000"
"00000403192000000","2019","00000403192000000"
"00000403210000000","2019","00000403210000000"
"00000403213000000","2019","00000403213000000"
"00000403216000000","2019","00000403216000000"
"00000403243200000","2019","00000403243200000"
"00000403249000000","2019","00000403249000000"
"00000403276000000","2019","00000403276000000"
"00000403381480000","2019","00000403381480000"
"00000403381520000","2019","00000403381520000"
"00000403381880000","2019","00000403381880000"
"00000403382750000","2019","00000403382750000"
"00000403383630000","2019","00000403383630000"
"00000403423000000","2019","00000403423000000"
"00000403483000000","2019","00000403483000000"
"00000403540000000","2019","00000403540000000"
"00000403561000000","2019","00000403561000000"
"00000494629000000","2019","00000494629000000"
"00000494797000000","2019","00000494797000000"
"00000494809000000","2019","00000494809000000"
"00000494821000000","2019","00000494821000000"
"00000494839000000","2019","00000494839000000"
"00000494872000000","2019","00000494872000000"
"00000494947000000","2019","00000494947000000"
"00000494980000000","2019","00000494980000000"
"00000495055000000","2019","00000495055000000"
"00000495157000000","2019","00000495157000000"
"00000495166000000","2019","00000495166000000"
"00000495169000000","2019","00000495169000000"
"00000495187000000","2019","00000495187000000"
"00000495196000200","2019","00000495196000200"
"00000495211000000","2019","00000495211000000"
"00000495249000000","2019","00000495249000000"
"00000495349000000","2019","00000495349000000"
"00000495370000000","2019","00000495370000000"
"00000495391000000","2019","00000495391000000"
"00000495448000000","2019","00000495448000000"
"00000495475000000","2019","00000495475000000"
"00000495514000000","2019","00000495514000000"
"00000495619000000","2019","00000495619000000"
"00000495826000000","2019","00000495826000000"
"00000495862000000","2019","00000495862000000"
"00000495907000000","2019","00000495907000000"
"00000496024000000","2019","00000496024000000"
"00000496063000000","2019","00000496063000000"
"00000312244000000","2019","00000312244000000"
"00000312259000000","2019","00000312259000000"
"00000312268000000","2019","00000312268000000"
"00000312289000000","2019","00000312289000000"
"00000312295000000","2019","00000312295000000"
"00000312316000000","2019","00000312316000000"
"00000312391000000","2019","00000312391000000"
"00000312397000000","2019","00000312397000000"
"00000312409000000","2019","00000312409000000"
"00000312415000000","2019","00000312415000000"
"00000312442000000","2019","00000312442000000"
"00000312487000000","2019","00000312487000000"
"00000312622000000","2019","00000312622000000"
"00000312634000000","2019","00000312634000000"
"00000312643000000","2019","00000312643000000"
"00000312664000000","2019","00000312664000000"
"00000312751000000","2019","00000312751000000"
"00000312760000000","2019","00000312760000000"
"00000312781000000","2019","00000312781000000"
"00000312796000000","2019","00000312796000000"
"00000312928000000","2019","00000312928000000"
"00000313006000000","2019","00000313006000000"
"00000313129000000","2019","00000313129000000"
"00000313141000000","2019","00000313141000000"
"00000313171000000","2019","00000313171000000"
"00000313183000000","2019","00000313183000000"
"00000313222000000","2019","00000313222000000"
"00000313237000000","2019","00000313237000000"
"00000313246000000","2019","00000313246000000"
"00000313354000000","2019","00000313354000000"
"00000313375000000","2019","00000313375000000"
"00000313405000000","2019","00000313405000000"
"00000313429000000","2019","00000313429000000"
"00000313438000000","2019","00000313438000000"
"00000313486000000","2019","00000313486000000"
"00000313498000000","2019","00000313498000000"
"00000313552000000","2019","00000313552000000"
"00000313570000000","2019","00000313570000000"
"00000313708000000","2019","00000313708000000"
"00000313759000000","2019","00000313759000000"
"00000313837000000","2019","00000313837000000"
"00000313843000000","2019","00000313843000000"
"00000313897000000","2019","00000313897000000"
"00000313915000000","2019","00000313915000000"
"00000313930000000","2019","00000313930000000"
"00000314011000000","2019","00000314011000000"
"00000314161000000","2019","00000314161000000"
"00000314269000000","2019","00000314269000000"
"00000314374000000","2019","00000314374000000"
"00000314377000000","2019","00000314377000000"
"00000314435000000","2019","00000314435000000"
"00000314479000000","2019","00000314479000000"
"00000314488000000","2019","00000314488000000"
"00000314515000000","2019","00000314515000000"
"00000314572000000","2019","00000314572000000"
"00000314611000000","2019","00000314611000000"
"00000314725000000","2019","00000314725000000"
"00000314788000000","2019","00000314788000000"
"00000314872000000","2019","00000314872000000"
"00000314887000000","2019","00000314887000000"
"00000314890000000","2019","00000314890000000"
"00000314911000000","2019","00000314911000000"
"00000314947000000","2019","00000314947000000"
"00000314959000000","2019","00000314959000000"
"00000314968000000","2019","00000314968000000"
"00000315022000000","2019","00000315022000000"
"00000315076000000","2019","00000315076000000"
"00000315160000000","2019","00000315160000000"
"00000315162000000","2019","00000315162000000"
"00000315187000000","2019","00000315187000000"
"00000315229000000","2019","00000315229000000"
"00000315289000000","2019","00000315289000000"
"00000315331000000","2019","00000315331000000"
"00000315388000000","2019","00000315388000000"
"00000315400000000","2019","00000315400000000"
"00000315433000000","2019","00000315433000000"
"00000315472000000","2019","00000315472000000"
"00000315514000000","2019","00000315514000000"
"00000315589000000","2019","00000315589000000"
"00000315592000000","2019","00000315592000000"
"00000315616000000","2019","00000315616000000"
"00000315769000000","2019","00000315769000000"
"00000315817000000","2019","00000315817000000"
"00000315856000000","2019","00000315856000000"
"00000315967000000","2019","00000315967000000"
"00000315985000000","2019","00000315985000000"
"00000316001000000","2019","00000316001000000"
"00000316102000000","2019","00000316102000001"
"00000316102000000","2019","00000316102000000"
"00000316138000000","2019","00000316138000000"
"00000316272000000","2019","00000316272000000"
"00000316375000000","2019","00000316375000000"
"00000316390000000","2019","00000316390000000"
"00000316483000000","2019","00000316483000000"
"00000316486000000","2019","00000316486000000"
"00000316732000000","2019","00000316732000000"
"00000316804000000","2019","00000316804000000"
"00000316864000000","2019","00000316864000000"
"00000316951000000","2019","00000316951000000"
"00000316960000000","2019","00000316960000000"
"00000316969000000","2019","00000316969000000"
"00000316975000000","2019","00000316975000000"
"00000317005000000","2019","00000317005000000"
"00000317008000000","2019","00000317008000000"
"00000317029000000","2019","00000317029000000"
"00000317056000000","2019","00000317056000000"
"00000317095000000","2019","00000317095000000"
"00000317140000000","2019","00000317140000000"
"00000317248000000","2019","00000317248000000"
"00000317323000000","2019","00000317323000000"
"00000317590000000","2019","00000317590000000"
"00000317596000000","2019","00000317596000000"
"00000317617000000","2019","00000317617000000"
"00000317644000000","2019","00000317644000000"
"00000317671000000","2019","00000317671000000"
"00000317689000000","2019","00000317689000001"
"00000317689000000","2019","00000317689000000"
"00000317785000000","2019","00000317785000000"
"00000317794000000","2019","00000317794000000"
"00000317875000000","2019","00000317875000000"
"00000317899000000","2019","00000317899000000"
"00000317911000000","2019","00000317911000000"
"00000317932000000","2019","00000317932000000"
"00000317953000000","2019","00000317953000000"
"00000317977000000","2019","00000317977000000"
"00000317986000000","2019","00000317986000000"
"00000318034000000","2019","00000318034000000"
"00000318082000000","2019","00000318082000000"
"00000318163000000","2019","00000318163000000"
"00000318178000000","2019","00000318178000000"
"00000318187000000","2019","00000318187000000"
"00000318313000000","2019","00000318313000000"
"00000318340000000","2019","00000318340000000"
"00000318362000000","2019","00000318362000000"
"00000318394000000","2019","00000318394000000"
"00000318457000000","2019","00000318457000000"
"00000318481000000","2019","00000318481000000"
"00000318589000000","2019","00000318589000000"
"00000318607000000","2019","00000318607000000"
"00000318619000000","2019","00000318619000000"
"00000318739000000","2019","00000318739000000"
"00000318793000000","2019","00000318793000000"
"00000318796000000","2019","00000318796000000"
"00000318814000000","2019","00000318814000000"
"00000318853000000","2019","00000318853000000"
"00000213517000000","2019","00000213517000000"
"00000213523000000","2019","00000213523000000"
"00000213532000000","2019","00000213532000000"
"00000213724000000","2019","00000213724000000"
"00000213754000000","2019","00000213754000000"
"00000213763000000","2019","00000213763000000"
"00000213805000000","2019","00000213805000000"
"00000213910000000","2019","00000213910000000"
"00000213970000000","2019","00000213970000000"
"00000213983000000","2019","00000213983000000"
"00000214156000000","2019","00000214156000000"
"00000214168000000","2019","00000214168000000"
"00000214192000000","2019","00000214192000000"
"00000214243000000","2019","00000214243000000"
"00000214354000000","2019","00000214354000000"
"00000214399000000","2019","00000214399000000"
"00000214453000000","2019","00000214453000000"
"00000214483000000","2019","00000214483000000"
"00000214546000000","2019","00000214546000000"
"00000214585000000","2019","00000214585000000"
"00000214852000000","2019","00000214852000001"
"00000214852000000","2019","00000214852000000"
"00000214918000000","2019","00000214918000000"
"00000215041000000","2019","00000215041000000"
"00000215071000000","2019","00000215071000000"
"00000215089000000","2019","00000215089000000"
"00000215125000000","2019","00000215125000000"
"00000215146000000","2019","00000215146000000"
"00000215191000000","2019","00000215191000000"
"00000215338000000","2019","00000215338000000"
"00000215347000000","2019","00000215347000000"
"00000215356000000","2019","00000215356000000"
"00000215365000000","2019","00000215365000000"
"00000215425000000","2019","00000215425000000"
"00000215572000000","2019","00000215572000000"
"00000215704000000","2019","00000215704000000"
"00000215737000000","2019","00000215737000000"
"00000215761000000","2019","00000215761000000"
"00000215980000000","2019","00000215980000000"
"00000216031000000","2019","00000216031000000"
"00000216037000000","2019","00000216037000000"
"00000216061000000","2019","00000216061000000"
"00000216079000000","2019","00000216079000000"
"00000216172000000","2019","00000216172000000"
"00000216178000000","2019","00000216178000000"
"00000216193000000","2019","00000216193000000"
"00000216271000000","2019","00000216271000000"
"00000216307000000","2019","00000216307000000"
"00000216355000000","2019","00000216355000000"
"00000216364000000","2019","00000216364000000"
"00000216379000000","2019","00000216379000000"
"00000216397000000","2019","00000216397000000"
"00000216433000000","2019","00000216433000000"
"00000216514000000","2019","00000216514000000"
"00000216610000000","2019","00000216610000000"
"00000216640000000","2019","00000216640000000"
"00000216646000000","2019","00000216646000000"
"00000216742000000","2019","00000216742000000"
"00000216802000000","2019","00000216802000000"
"00000216808000000","2019","00000216808000000"
"00000216847000000","2019","00000216847000000"
"00000217198000000","2019","00000217198000000"
"00000217201000000","2019","00000217201000000"
"00000217299000000","2019","00000217299000000"
"00000217636000100","2019","00000217636000100"
"00000217639000100","2019","00000217639000100"
"00000217651000100","2019","00000217651000100"
"00000217738000000","2019","00000217738000000"
"00000217798000000","2019","00000217798000000"
"00000217804000000","2019","00000217804000000"
"00000217918000100","2019","00000217918000100"
"00000217948000100","2019","00000217948000100"
"00000217954000100","2019","00000217954000100"
"00000217963000100","2019","00000217963000100"
"00000217984260000","2019","00000217984260000"
"00000217984620000","2019","00000217984620000"
"00000217997000000","2019","00000217997000000"
"00000218003000000","2019","00000218003000000"
"00000218007000000","2019","00000218007000000"
"00000218179000000","2019","00000218179000000"
"00000218335000000","2019","00000218335000000"
"00000218473300000","2019","00000218473300000"
"00000218473700000","2019","00000218473700000"
"00000218475300000","2019","00000218475300000"
"00000218524000000","2019","00000218524000000"
"00000218611000000","2019","00000218611000000"
"00000218620000000","2019","00000218620000000"
"00000218665000000","2019","00000218665000000"
"00000218800000000","2019","00000218800000000"
"00000218827000000","2019","00000218827000000"
"00000218836000000","2019","00000218836000000"
"00000218926000000","2019","00000218926000000"
"00000218944000000","2019","00000218944000000"
"00000219271000000","2019","00000219271000000"
"00000219340000000","2019","00000219340000000"
"00000219358000000","2019","00000219358000000"
"00000219421000000","2019","00000219421000000"
"00000219502000000","2019","00000219502000000"
"00000219556000000","2019","00000219556000000"
"00000219577000000","2019","00000219577000000"
"00000219595000000","2019","00000219595000000"
"00000219613000000","2019","00000219613000000"
"00000219787000000","2019","00000219787000000"
"00000219826000000","2019","00000219826000000"
"00000219829000000","2019","00000219829000000"
"00000219877000000","2019","00000219877000000"
"00000219886000000","2019","00000219886000000"
"00000219928000000","2019","00000219928000000"
"00000219982000000","2019","00000219982000000"
"00000219994000000","2019","00000219994000000"
"00000220042000000","2019","00000220042000000"
"00000220114000000","2019","00000220114000000"
"00000220213000000","2019","00000220213000000"
"00000220240000000","2019","00000220240000000"
"00000220276000000","2019","00000220276000000"
"00000220330000000","2019","00000220330000000"
"00000220390000000","2019","00000220390000000"
"00000220399000000","2019","00000220399000000"
"00000220417000000","2019","00000220417000000"
"00000220504000000","2019","00000220504000000"
"00000220606000000","2019","00000220606000000"
"00000220768000000","2019","00000220768000000"
"00000220804000000","2019","00000220804000000"
"00000220807000000","2019","00000220807000000"
"00000220909000000","2019","00000220909000000"
"00000220918000000","2019","00000220918000000"
"00000220930000000","2019","00000220930000000"
"00000221002000000","2019","00000221002000000"
"00000221008000000","2019","00000221008000000"
"00000221032000000","2019","00000221032000000"
"00000221050000000","2019","00000221050000000"
"00000221065000000","2019","00000221065000000"
"00000221095000000","2019","00000221095000000"
"00000221128000000","2019","00000221128000000"
"00000221134000000","2019","00000221134000000"
"00000221143000000","2019","00000221143000000"
"00000221305000000","2019","00000221305000000"
"00000221353000000","2019","00000221353000000"
"00000221423000000","2019","00000221423000000"
"00000221551000000","2019","00000221551000000"
"00000221560000000","2019","00000221560000000"
"00000221611000000","2019","00000221611000000"
"00000221617000000","2019","00000221617000000"
"00000221665000000","2019","00000221665000000"
"00000221722000000","2019","00000221722000000"
"00000585541000000","2019","00000585541000000"
"00000585559000000","2019","00000585559000000"
"00000585592000000","2019","00000585592000000"
"00000585622000000","2019","00000585622000000"
"00000585652000000","2019","00000585652000000"
"00000585688000000","2019","00000585688000000"
"00000585691000000","2019","00000585691000000"
"00000585739000000","2019","00000585739000000"
"00000585832000000","2019","00000585832000000"
"00000585847000000","2019","00000585847000000"
"00000585883000000","2019","00000585883000000"
"00000585892000000","2019","00000585892000000"
"00000585931000000","2019","00000585931000000"
"00000585997000000","2019","00000585997000000"
"00000586003000000","2019","00000586003000000"
"00000586066000000","2019","00000586066000000"
"00000586162000000","2019","00000586162000000"
"00000586183000000","2019","00000586183000000"
"00000586228000000","2019","00000586228000000"
"00000586258000100","2019","00000586258000100"
"00000586303000000","2019","00000586303000000"
"00000496099000000","2019","00000496099000000"
"00000496156000000","2019","00000496156000000"
"00000496174000000","2019","00000496174000000"
"00000496189000000","2019","00000496189000000"
"00000496246000000","2019","00000496246000000"
"00000496288000000","2019","00000496288000000"
"00000496390000000","2019","00000496390000000"
"00000496396000000","2019","00000496396000000"
"00000496408000000","2019","00000496408000000"
"00000496426000000","2019","00000496426000000"
"00000496435000000","2019","00000496435000000"
"00000496564000000","2019","00000496564000000"
"00000496654000000","2019","00000496654000000"
"00000496702000000","2019","00000496702000000"
"00000496747000000","2019","00000496747000000"
"00000496801000000","2019","00000496801000000"
"00000496822000000","2019","00000496822000000"
"00000496957000000","2019","00000496957000000"
"00000497050000000","2019","00000497050000000"
"00000497158000000","2019","00000497158000000"
"00000497176000000","2019","00000497176000000"
"00000497236000000","2019","00000497236000000"
"00000497326000000","2019","00000497326000000"
"00000497356000000","2019","00000497356000000"
"00000497398000000","2019","00000497398000000"
"00000497431000000","2019","00000497431000000"
"00000497707000000","2019","00000497707000000"
"00000497770000000","2019","00000497770000000"
"00000498034000000","2019","00000498034000000"
"00000498049000000","2019","00000498049000000"
"00000498094000000","2019","00000498094000000"
"00000498145000000","2019","00000498145000000"
"00000498157000000","2019","00000498157000000"
"00000498226000000","2019","00000498226000000"
"00000498244000000","2019","00000498244000000"
"00000498271500000","2019","00000498271500000"
"00000498310000000","2019","00000498310000000"
"00000498319000000","2019","00000498319000000"
"00000498505000000","2019","00000498505000000"
"00000498520000000","2019","00000498520000000"
"00000498538000000","2019","00000498538000000"
"00000498628000000","2019","00000498628000000"
"00000498667000000","2019","00000498667000000"
"00000498691000000","2019","00000498691000000"
"00000498724000000","2019","00000498724000000"
"00000498742000000","2019","00000498742000000"
"00000498823000000","2019","00000498823000000"
"00000498841000000","2019","00000498841000000"
"00000498863100000","2019","00000498863100000"
"00000498863120000","2019","00000498863120000"
"00000498864120000","2019","00000498864120000"
"00000498864520000","2019","00000498864520000"
"00000498865580000","2019","00000498865580000"
"00000498865660000","2019","00000498865660000"
"00000498865700000","2019","00000498865700000"
"00000498943000000","2019","00000498943000000"
"00000498955300000","2019","00000498955300000"
"00000499018000000","2019","00000499018000000"
"00000499045000000","2019","00000499045000000"
"00000499117000000","2019","00000499117000000"
"00000499174000000","2019","00000499174000000"
"00000499204000000","2019","00000499204000000"
"00000499387000000","2019","00000499387000000"
"00000499432000000","2019","00000499432000000"
"00000499573000000","2019","00000499573000000"
"00000499687000000","2019","00000499687000000"
"00000499693000000","2019","00000499693000000"
"00000499768000000","2019","00000499768000000"
"00000499864000000","2019","00000499864000000"
"00000499882000000","2019","00000499882000000"
"00000499906000000","2019","00000499906000000"
"00000499918000000","2019","00000499918000000"
"00000499993000000","2019","00000499993000000"
"00000500041000000","2019","00000500041000000"
"00000500065000000","2019","00000500065000000"
"00000500233000000","2019","00000500233000000"
"00000500296000000","2019","00000500296000000"
"00000500338000000","2019","00000500338000000"
"00000500356000000","2019","00000500356000000"
"00000500362000000","2019","00000500362000000"
"00000500401000000","2019","00000500401000000"
"00000500485000000","2019","00000500485000000"
"00000500488000000","2019","00000500488000000"
"00000500500000000","2019","00000500500000000"
"00000500506000000","2019","00000500506000000"
"00000500563000000","2019","00000500563000000"
"00000500575000000","2019","00000500575000000"
"00000500596000000","2019","00000500596000000"
"00000500668000000","2019","00000500668000000"
"00000500674000000","2019","00000500674000000"
"00000500698000000","2019","00000500698000000"
"00000500716000000","2019","00000500716000000"
"00000500809000000","2019","00000500809000000"
"00000500812000000","2019","00000500812000000"
"00000500884000000","2019","00000500884000000"
"00000501040000000","2019","00000501040000000"
"00000501133000000","2019","00000501133000000"
"00000501145000000","2019","00000501145000000"
"00000501178000000","2019","00000501178000000"
"00000501205000000","2019","00000501205000000"
"00000501211000000","2019","00000501211000000"
"00000501223000000","2019","00000501223000000"
"00000501292000000","2019","00000501292000000"
"00000501328000000","2019","00000501328000000"
"00000501367000000","2019","00000501367000000"
"00000501370000000","2019","00000501370000000"
"00000501379000000","2019","00000501379000000"
"00000501409000000","2019","00000501409000000"
"00000501451000000","2019","00000501451000000"
"00000501490000000","2019","00000501490000000"
"00000501508000000","2019","00000501508000000"
"00000501550000000","2019","00000501550000000"
"00000501553000000","2019","00000501553000000"
"00000501583000000","2019","00000501583000000"
"00000501736000000","2019","00000501736000000"
"00000501781000000","2019","00000501781000000"
"00000501862000000","2019","00000501862000000"
"00000501910000000","2019","00000501910000000"
"00000501922000000","2019","00000501922000000"
"00000501949000000","2019","00000501949000000"
"00000501973000000","2019","00000501973000000"
"00000502057000000","2019","00000502057000000"
"00000502081000000","2019","00000502081000000"
"00000502108000000","2019","00000502108000000"
"00000502111000000","2019","00000502111000000"
"00000502168400000","2019","00000502168400000"
"00000502387000100","2019","00000502387000100"
"00000502420000000","2019","00000502420000001"
"00000502420000000","2019","00000502420000000"
"00000502519000000","2019","00000502519000000"
"00000502522000000","2019","00000502522000000"
"00000502681000000","2019","00000502681000001"
"00000502681000000","2019","00000502681000000"
"00000502840000000","2019","00000502840000001"
"00000502840000000","2019","00000502840000002"
"00000502840000000","2019","00000502840000000"
"00000502879000000","2019","00000502879000001"
"00000502879000000","2019","00000502879000002"
"00000502879000000","2019","00000502879000003"
"00000502879000000","2019","00000502879000004"
"00000502879000000","2019","00000502879000000"
"00000502916000000","2019","00000502916000000"
"00000502979000100","2019","00000502979000100"
"00000503059700000","2019","00000503059700000"
"00000503060300000","2019","00000503060300000"
"00000403594000000","2019","00000403594000000"
"00000403726000000","2019","00000403726000000"
"00000403750260000","2019","00000403750260000"
"00000403750280000","2019","00000403750280000"
"00000403752100000","2019","00000403752100000"
"00000403752180000","2019","00000403752180000"
"00000403752680000","2019","00000403752680000"
"00000403752870000","2019","00000403752870000"
"00000403752890000","2019","00000403752890000"
"00000403752940000","2019","00000403752940000"
"00000403752960000","2019","00000403752960000"
"00000403753010000","2019","00000403753010000"
"00000403753040000","2019","00000403753040000"
"00000403753160000","2019","00000403753160000"
"00000403753190000","2019","00000403753190000"
"00000403755000000","2019","00000403755000000"
"00000403822000000","2019","00000403822000000"
"00000403885000000","2019","00000403885000000"
"00000403900000000","2019","00000403900000000"
"00000403927000000","2019","00000403927000000"
"00000403939000000","2019","00000403939000000"
"00000403963000000","2019","00000403963000000"
"00000404017000000","2019","00000404017000000"
"00000404146000000","2019","00000404146000000"
"00000404188000000","2019","00000404188000000"
"00000404191000000","2019","00000404191000000"
"00000404209000000","2019","00000404209000000"
"00000404245000000","2019","00000404245000000"
"00000404302000000","2019","00000404302000000"
"00000404332000000","2019","00000404332000000"
"00000404344000000","2019","00000404344000000"
"00000404350000000","2019","00000404350000000"
"00000404368000000","2019","00000404368000000"
"00000404386000000","2019","00000404386000000"
"00000404404000000","2019","00000404404000000"
"00000404530000000","2019","00000404530000000"
"00000404545000000","2019","00000404545000000"
"00000404644000000","2019","00000404644000000"
"00000404668000000","2019","00000404668000000"
"00000404725300000","2019","00000404725300000"
"00000404727900000","2019","00000404727900000"
"00000404733000000","2019","00000404733000000"
"00000404752100000","2019","00000404752100000"
"00000404755700000","2019","00000404755700000"
"00000404755800000","2019","00000404755800000"
"00000404757500000","2019","00000404757500000"
"00000404758420000","2019","00000404758420000"
"00000404855260000","2019","00000404855260000"
"00000404855920000","2019","00000404855920000"
"00000404856120000","2019","00000404856120000"
"00000404856180000","2019","00000404856180000"
"00000404856280000","2019","00000404856280000"
"00000405046000000","2019","00000405046000000"
"00000405049000000","2019","00000405049000000"
"00000405115600000","2019","00000405115600000"
"00000405118500000","2019","00000405118500000"
"00000405118760000","2019","00000405118760000"
"00000405119060000","2019","00000405119060000"
"00000405120020000","2019","00000405120020000"
"00000405120200000","2019","00000405120200000"
"00000405120520000","2019","00000405120520000"
"00000405121600000","2019","00000405121600000"
"00000405123300000","2019","00000405123300000"
"00000405133440000","2019","00000405133440000"
"00000405133600000","2019","00000405133600000"
"00000405134100000","2019","00000405134100000"
"00000405134360000","2019","00000405134360000"
"00000405135160000","2019","00000405135160000"
"00000405135200000","2019","00000405135200000"
"00000405135220000","2019","00000405135220000"
"00000405142040000","2019","00000405142040000"
"00000405142080100","2019","00000405142080100"
"00000405184000000","2019","00000405184000000"
"00000405244000000","2019","00000405244000000"
"00000405289000000","2019","00000405289000000"
"00000405328000000","2019","00000405328000000"
"00000405334880000","2019","00000405334880000"
"00000405340200000","2019","00000405340200000"
"00000405342400000","2019","00000405342400000"
"00000405352880000","2019","00000405352880000"
"00000405353000000","2019","00000405353000000"
"00000405363000000","2019","00000405363000000"
"00000405389200000","2019","00000405389200000"
"00000405391290000","2019","00000405391290000"
"00000405391340000","2019","00000405391340000"
"00000405391680000","2019","00000405391680000"
"00000405391760000","2019","00000405391760000"
"00000405392170000","2019","00000405392170000"
"00000405392270000","2019","00000405392270000"
"00000405392680000","2019","00000405392680000"
"00000405392720000","2019","00000405392720000"
"00000405392840000","2019","00000405392840000"
"00000405393020000","2019","00000405393020000"
"00000405393250000","2019","00000405393250000"
"00000405393280000","2019","00000405393280000"
"00000405393320000","2019","00000405393320000"
"00000405394030000","2019","00000405394030000"
"00000405394070000","2019","00000405394070000"
"00000405394170000","2019","00000405394170000"
"00000405394200000","2019","00000405394200000"
"00000405394500000","2019","00000405394500000"
"00000405400100000","2019","00000405400100000"
"00000405400720000","2019","00000405400720000"
"00000405400880000","2019","00000405400880000"
"00000405583000100","2019","00000405583000100"
"00000405589000100","2019","00000405589000100"
"00000405610000100","2019","00000405610000100"
"00000405613000000","2019","00000405613000000"
"00000405817000000","2019","00000405817000000"
"00000405853000000","2019","00000405853000000"
"00000405925000000","2019","00000405925000000"
"00000405946000000","2019","00000405946000000"
"00000405961000000","2019","00000405961000000"
"00000406006000000","2019","00000406006000000"
"00000406009000000","2019","00000406009000000"
"00000406114000000","2019","00000406114000000"
"00000406171000000","2019","00000406171000000"
"00000406243000000","2019","00000406243000000"
"00000406315000000","2019","00000406315000000"
"00000406339000000","2019","00000406339000000"
"00000406354000000","2019","00000406354000000"
"00000406366000000","2019","00000406366000000"
"00000406456000000","2019","00000406456000000"
"00000406510000000","2019","00000406510000000"
"00000406663000000","2019","00000406663000000"
"00000406684000000","2019","00000406684000000"
"00000406693000000","2019","00000406693000000"
"00000406768000000","2019","00000406768000000"
"00000406780000000","2019","00000406780000000"
"00000406876000000","2019","00000406876000000"
"00000406882000000","2019","00000406882000000"
"00000406960000000","2019","00000406960000000"
"00000406996000000","2019","00000406996000000"
"00000407011000000","2019","00000407011000000"
"00000407026000000","2019","00000407026000000"
"00000407035000000","2019","00000407035000000"
"00000407053000000","2019","00000407053000000"
"00000407071000000","2019","00000407071000000"
"00000407098000000","2019","00000407098000000"
"00000407146000000","2019","00000407146000000"
"00000407149000000","2019","00000407149000000"
"00000407179000000","2019","00000407179000000"
"00000407302000000","2019","00000407302000000"
"00000407422000000","2019","00000407422000000"
"00000407470000000","2019","00000407470000000"
"00000318940000000","2019","00000318940000000"
"00000318958000000","2019","00000318958000000"
"00000318994000000","2019","00000318994000000"
"00000319021000000","2019","00000319021000000"
"00000319051000000","2019","00000319051000000"
"00000319108000000","2019","00000319108000000"
"00000319186000000","2019","00000319186000000"
"00000319234000000","2019","00000319234000000"
"00000319387000000","2019","00000319387000000"
"00000319393000000","2019","00000319393000000"
"00000319411000000","2019","00000319411000000"
"00000319414000000","2019","00000319414000000"
"00000319531000000","2019","00000319531000000"
"00000319543000000","2019","00000319543000000"
"00000319561000000","2019","00000319561000000"
"00000319594000000","2019","00000319594000000"
"00000319636000000","2019","00000319636000000"
"00000319675000000","2019","00000319675000000"
"00000319699000000","2019","00000319699000000"
"00000319771000000","2019","00000319771000000"
"00000319900000000","2019","00000319900000000"
"00000319909000000","2019","00000319909000000"
"00000319912000000","2019","00000319912000000"
"00000319945000000","2019","00000319945000000"
"00000320020000000","2019","00000320020000000"
"00000320086000200","2019","00000320086000200"
"00000320122000000","2019","00000320122000000"
"00000320197000000","2019","00000320197000000"
"00000320230000000","2019","00000320230000000"
"00000320293000000","2019","00000320293000000"
"00000320308000000","2019","00000320308000000"
"00000320374000000","2019","00000320374000000"
"00000320431000000","2019","00000320431000000"
"00000320443000000","2019","00000320443000000"
"00000320488000000","2019","00000320488000000"
"00000320512000000","2019","00000320512000000"
"00000320656000000","2019","00000320656000000"
"00000320662000000","2019","00000320662000000"
"00000320677000000","2019","00000320677000000"
"00000320755000000","2019","00000320755000000"
"00000320758000000","2019","00000320758000000"
"00000320803000000","2019","00000320803000000"
"00000321046000000","2019","00000321046000000"
"00000321052000000","2019","00000321052000000"
"00000321061000000","2019","00000321061000000"
"00000321214000000","2019","00000321214000000"
"00000321226000000","2019","00000321226000000"
"00000321235000000","2019","00000321235000000"
"00000321277000000","2019","00000321277000000"
"00000321280000000","2019","00000321280000000"
"00000321310000000","2019","00000321310000000"
"00000321349000000","2019","00000321349000000"
"00000321529000000","2019","00000321529000000"
"00000321553000000","2019","00000321553000000"
"00000321586000000","2019","00000321586000000"
"00000321592000000","2019","00000321592000000"
"00000321595000000","2019","00000321595000000"
"00000321619000000","2019","00000321619000000"
"00000321622000000","2019","00000321622000000"
"00000321625000000","2019","00000321625000000"
"00000321628000000","2019","00000321628000000"
"00000321673000000","2019","00000321673000000"
"00000321682000000","2019","00000321682000000"
"00000321697000000","2019","00000321697000000"
"00000321763000000","2019","00000321763000000"
"00000321799000000","2019","00000321799000000"
"00000321871000000","2019","00000321871000000"
"00000321928000000","2019","00000321928000000"
"00000321949000000","2019","00000321949000000"
"00000322075000300","2019","00000322075000300"
"00000322075002500","2019","00000322075002500"
"00000322075002800","2019","00000322075002800"
"00000322096000000","2019","00000322096000000"
"00000322159000000","2019","00000322159000000"
"00000322225000000","2019","00000322225000000"
"00000322246000000","2019","00000322246000000"
"00000322261000000","2019","00000322261000000"
"00000322327000000","2019","00000322327000000"
"00000322360000000","2019","00000322360000000"
"00000322405000000","2019","00000322405000000"
"00000322669000000","2019","00000322669000000"
"00000322702250000","2019","00000322702250000"
"00000322702800000","2019","00000322702800000"
"00000322702850000","2019","00000322702850000"
"00000322703100000","2019","00000322703100000"
"00000322735000000","2019","00000322735000000"
"00000322867000000","2019","00000322867000000"
"00000322870000000","2019","00000322870000000"
"00000322951000000","2019","00000322951000000"
"00000322978000000","2019","00000322978000000"
"00000323149000000","2019","00000323149000000"
"00000323218000100","2019","00000323218000100"
"00000323236000000","2019","00000323236000000"
"00000323260000000","2019","00000323260000000"
"00000323305000000","2019","00000323305000000"
"00000323374000000","2019","00000323374000000"
"00000323416000000","2019","00000323416000000"
"00000323485000000","2019","00000323485000000"
"00000323653000000","2019","00000323653000000"
"00000323683000000","2019","00000323683000000"
"00000323688000000","2019","00000323688000000"
"00000323746000000","2019","00000323746000000"
"00000323941000000","2019","00000323941000000"
"00000323992000000","2019","00000323992000000"
"00000324010000000","2019","00000324010000000"
"00000324013000000","2019","00000324013000000"
"00000324043000000","2019","00000324043000000"
"00000324175000000","2019","00000324175000000"
"00000324202000000","2019","00000324202000000"
"00000324223000000","2019","00000324223000000"
"00000324304000000","2019","00000324304000000"
"00000324370000000","2019","00000324370000000"
"00000324376000000","2019","00000324376000000"
"00000324379000000","2019","00000324379000000"
"00000324391000000","2019","00000324391000000"
"00000324427000000","2019","00000324427000000"
"00000324493000000","2019","00000324493000000"
"00000324535000000","2019","00000324535000000"
"00000324595000000","2019","00000324595000000"
"00000324628000000","2019","00000324628000000"
"00000324703000000","2019","00000324703000000"
"00000324715000000","2019","00000324715000000"
"00000324751000000","2019","00000324751000000"
"00000324832000000","2019","00000324832000000"
"00000324862000000","2019","00000324862000000"
